wandb: [wandb.login()] Loaded credentials for https://api.wandb.ai from /Users/shuka/.netrc.
wandb: Currently logged in as: shukanth2004 (shukanth2004-the-ohio-state-university) to https://api.wandb.ai. Use `wandb login --relogin` to force relogin
wandb: setting up run ltnzuugz
wandb: Tracking run with wandb version 0.27.0
wandb: Run data is saved locally in /Users/shuka/Documents/vscode/mechanistic_interpretability/wandb/run-20260517_194655-ltnzuugz
wandb: Run `wandb offline` to turn off syncing.
wandb: Syncing run n4-wd0.4-200k-seed0
wandb: ⭐️ View project at https://wandb.ai/shukanth2004-the-ohio-state-university/mechinterp
wandb: 🚀 View run at https://wandb.ai/shukanth2004-the-ohio-state-university/mechinterp/runs/ltnzuugz
Generating dataset: n_nodes=4, n_graphs=200, dataset_seed=42
  train: 1,920 samples | val: 480 samples | vocab size: 8 | seq len: 21
Training: lr=0.001, wd=0.4, n_steps=200,000, seed=0
step     10 | train loss 1.3197 | train acc 0.422 | val loss 1.2755 | val acc 0.456 | ‖g‖ 3.6892 | 1s
step     20 | train loss 1.1048 | train acc 0.508 | val loss 1.2003 | val acc 0.454 | ‖g‖ 0.7919 | 1s
step     30 | train loss 1.1440 | train acc 0.555 | val loss 1.1755 | val acc 0.460 | ‖g‖ 2.6710 | 1s
step     40 | train loss 1.1801 | train acc 0.422 | val loss 1.2045 | val acc 0.419 | ‖g‖ 2.5562 | 1s
step     50 | train loss 1.0662 | train acc 0.523 | val loss 1.1601 | val acc 0.479 | ‖g‖ 1.8245 | 2s
step     60 | train loss 1.0699 | train acc 0.500 | val loss 1.1671 | val acc 0.467 | ‖g‖ 0.6548 | 2s
step     70 | train loss 1.0519 | train acc 0.484 | val loss 1.1402 | val acc 0.510 | ‖g‖ 1.3360 | 2s
step     80 | train loss 1.1403 | train acc 0.414 | val loss 1.1465 | val acc 0.523 | ‖g‖ 1.0995 | 2s
step     90 | train loss 1.0200 | train acc 0.555 | val loss 1.1536 | val acc 0.525 | ‖g‖ 1.0985 | 2s
step    100 | train loss 0.9620 | train acc 0.609 | val loss 1.1311 | val acc 0.529 | ‖g‖ 1.6223 | 2s
step    110 | train loss 0.9255 | train acc 0.633 | val loss 1.1080 | val acc 0.542 | ‖g‖ 2.5944 | 2s
step    120 | train loss 0.9391 | train acc 0.570 | val loss 1.1055 | val acc 0.510 | ‖g‖ 1.2616 | 2s
step    130 | train loss 0.8220 | train acc 0.680 | val loss 1.1246 | val acc 0.537 | ‖g‖ 1.2176 | 2s
step    140 | train loss 0.8193 | train acc 0.664 | val loss 1.1123 | val acc 0.550 | ‖g‖ 1.5363 | 3s
step    150 | train loss 0.9665 | train acc 0.523 | val loss 1.1427 | val acc 0.544 | ‖g‖ 2.5433 | 3s
step    160 | train loss 0.8667 | train acc 0.648 | val loss 1.1115 | val acc 0.537 | ‖g‖ 1.5573 | 3s
step    170 | train loss 0.8001 | train acc 0.719 | val loss 1.0867 | val acc 0.527 | ‖g‖ 1.7903 | 3s
step    180 | train loss 0.8387 | train acc 0.648 | val loss 1.0917 | val acc 0.537 | ‖g‖ 1.9465 | 3s
step    190 | train loss 0.8358 | train acc 0.688 | val loss 1.0612 | val acc 0.550 | ‖g‖ 1.6406 | 3s
step    200 | train loss 0.7211 | train acc 0.711 | val loss 1.0725 | val acc 0.573 | ‖g‖ 2.0251 | 3s
step    210 | train loss 0.8815 | train acc 0.625 | val loss 1.1171 | val acc 0.577 | ‖g‖ 3.2108 | 3s
step    220 | train loss 0.6459 | train acc 0.742 | val loss 1.0951 | val acc 0.554 | ‖g‖ 1.6338 | 3s
step    230 | train loss 0.6887 | train acc 0.750 | val loss 1.0656 | val acc 0.554 | ‖g‖ 2.0411 | 3s
step    240 | train loss 0.7439 | train acc 0.656 | val loss 1.0664 | val acc 0.565 | ‖g‖ 1.6445 | 4s
step    250 | train loss 0.8395 | train acc 0.688 | val loss 1.1351 | val acc 0.592 | ‖g‖ 3.3735 | 4s
step    260 | train loss 0.5783 | train acc 0.773 | val loss 1.1872 | val acc 0.583 | ‖g‖ 2.0180 | 4s
step    270 | train loss 0.7876 | train acc 0.695 | val loss 1.0998 | val acc 0.550 | ‖g‖ 2.3011 | 4s
step    280 | train loss 0.6180 | train acc 0.742 | val loss 1.0839 | val acc 0.588 | ‖g‖ 2.6177 | 4s
step    290 | train loss 0.5885 | train acc 0.742 | val loss 1.0732 | val acc 0.569 | ‖g‖ 2.3499 | 4s
step    300 | train loss 0.6521 | train acc 0.750 | val loss 1.1710 | val acc 0.606 | ‖g‖ 2.1776 | 4s
step    310 | train loss 0.5692 | train acc 0.750 | val loss 1.1052 | val acc 0.583 | ‖g‖ 2.0788 | 4s
step    320 | train loss 0.6953 | train acc 0.719 | val loss 1.1418 | val acc 0.556 | ‖g‖ 2.0876 | 5s
step    330 | train loss 0.5153 | train acc 0.773 | val loss 1.1294 | val acc 0.581 | ‖g‖ 1.9214 | 5s
step    340 | train loss 0.6332 | train acc 0.750 | val loss 1.1292 | val acc 0.577 | ‖g‖ 2.3189 | 5s
step    350 | train loss 0.5760 | train acc 0.734 | val loss 1.1329 | val acc 0.573 | ‖g‖ 2.4663 | 5s
step    360 | train loss 0.6227 | train acc 0.773 | val loss 1.1723 | val acc 0.558 | ‖g‖ 2.9527 | 5s
step    370 | train loss 0.6901 | train acc 0.742 | val loss 1.1019 | val acc 0.585 | ‖g‖ 2.5912 | 5s
step    380 | train loss 0.5553 | train acc 0.805 | val loss 1.1469 | val acc 0.604 | ‖g‖ 2.5231 | 5s
step    390 | train loss 0.7888 | train acc 0.695 | val loss 1.1809 | val acc 0.577 | ‖g‖ 3.8667 | 5s
step    400 | train loss 0.4862 | train acc 0.805 | val loss 1.1358 | val acc 0.590 | ‖g‖ 2.2332 | 5s
step    410 | train loss 0.6323 | train acc 0.758 | val loss 1.1603 | val acc 0.560 | ‖g‖ 2.2434 | 6s
step    420 | train loss 0.5478 | train acc 0.766 | val loss 1.2106 | val acc 0.592 | ‖g‖ 2.3684 | 6s
step    430 | train loss 0.5605 | train acc 0.805 | val loss 1.1247 | val acc 0.590 | ‖g‖ 2.2720 | 6s
step    440 | train loss 0.4591 | train acc 0.828 | val loss 1.1619 | val acc 0.594 | ‖g‖ 1.7214 | 6s
step    450 | train loss 0.5058 | train acc 0.789 | val loss 1.1498 | val acc 0.596 | ‖g‖ 2.0959 | 6s
step    460 | train loss 0.5799 | train acc 0.766 | val loss 1.2096 | val acc 0.573 | ‖g‖ 2.3399 | 6s
step    470 | train loss 0.4423 | train acc 0.836 | val loss 1.1859 | val acc 0.560 | ‖g‖ 2.7679 | 6s
step    480 | train loss 0.7103 | train acc 0.711 | val loss 1.2140 | val acc 0.573 | ‖g‖ 4.2261 | 6s
step    490 | train loss 0.5286 | train acc 0.781 | val loss 1.1191 | val acc 0.610 | ‖g‖ 2.5488 | 6s
step    500 | train loss 0.4557 | train acc 0.844 | val loss 1.1580 | val acc 0.613 | ‖g‖ 2.4326 | 7s
step    510 | train loss 0.4721 | train acc 0.781 | val loss 1.1760 | val acc 0.590 | ‖g‖ 2.6425 | 7s
step    520 | train loss 0.4692 | train acc 0.820 | val loss 1.2702 | val acc 0.592 | ‖g‖ 1.8710 | 7s
step    530 | train loss 0.5146 | train acc 0.812 | val loss 1.3292 | val acc 0.594 | ‖g‖ 2.6087 | 7s
step    540 | train loss 0.4046 | train acc 0.852 | val loss 1.2371 | val acc 0.590 | ‖g‖ 2.9402 | 7s
step    550 | train loss 0.5134 | train acc 0.781 | val loss 1.3163 | val acc 0.581 | ‖g‖ 2.8734 | 7s
step    560 | train loss 0.5893 | train acc 0.750 | val loss 1.2500 | val acc 0.596 | ‖g‖ 3.2156 | 7s
step    570 | train loss 0.5498 | train acc 0.750 | val loss 1.2951 | val acc 0.558 | ‖g‖ 2.6584 | 7s
step    580 | train loss 0.4589 | train acc 0.781 | val loss 1.2758 | val acc 0.535 | ‖g‖ 2.8947 | 7s
step    590 | train loss 0.5039 | train acc 0.820 | val loss 1.2256 | val acc 0.585 | ‖g‖ 2.5733 | 8s
step    600 | train loss 0.3734 | train acc 0.852 | val loss 1.2914 | val acc 0.573 | ‖g‖ 2.0544 | 8s
step    610 | train loss 0.4942 | train acc 0.812 | val loss 1.3287 | val acc 0.596 | ‖g‖ 2.5085 | 8s
step    620 | train loss 0.4939 | train acc 0.797 | val loss 1.3624 | val acc 0.573 | ‖g‖ 3.9885 | 8s
step    630 | train loss 0.5286 | train acc 0.797 | val loss 1.3313 | val acc 0.550 | ‖g‖ 2.5426 | 8s
step    640 | train loss 0.5540 | train acc 0.797 | val loss 1.2846 | val acc 0.617 | ‖g‖ 5.1800 | 8s
step    650 | train loss 0.5800 | train acc 0.750 | val loss 1.3942 | val acc 0.556 | ‖g‖ 3.3745 | 8s
step    660 | train loss 0.4700 | train acc 0.812 | val loss 1.3730 | val acc 0.542 | ‖g‖ 2.5344 | 8s
step    670 | train loss 0.4688 | train acc 0.789 | val loss 1.2551 | val acc 0.585 | ‖g‖ 2.7923 | 8s
step    680 | train loss 0.4343 | train acc 0.844 | val loss 1.3217 | val acc 0.604 | ‖g‖ 2.6575 | 9s
step    690 | train loss 0.4425 | train acc 0.820 | val loss 1.3249 | val acc 0.579 | ‖g‖ 2.3015 | 9s
step    700 | train loss 0.4440 | train acc 0.852 | val loss 1.2793 | val acc 0.585 | ‖g‖ 2.6751 | 9s
step    710 | train loss 0.3977 | train acc 0.859 | val loss 1.2523 | val acc 0.577 | ‖g‖ 3.0496 | 9s
step    720 | train loss 0.3820 | train acc 0.867 | val loss 1.3231 | val acc 0.598 | ‖g‖ 2.5672 | 9s
step    730 | train loss 0.4405 | train acc 0.812 | val loss 1.2879 | val acc 0.590 | ‖g‖ 2.3979 | 9s
step    740 | train loss 0.3975 | train acc 0.828 | val loss 1.4168 | val acc 0.571 | ‖g‖ 3.2536 | 9s
step    750 | train loss 0.3738 | train acc 0.812 | val loss 1.3789 | val acc 0.571 | ‖g‖ 2.3538 | 9s
step    760 | train loss 0.3436 | train acc 0.867 | val loss 1.4148 | val acc 0.583 | ‖g‖ 2.2794 | 9s
step    770 | train loss 0.4588 | train acc 0.828 | val loss 1.2595 | val acc 0.598 | ‖g‖ 3.3640 | 10s
step    780 | train loss 0.3989 | train acc 0.844 | val loss 1.3942 | val acc 0.533 | ‖g‖ 2.5947 | 10s
step    790 | train loss 0.3692 | train acc 0.875 | val loss 1.3239 | val acc 0.575 | ‖g‖ 2.0247 | 10s
step    800 | train loss 0.3013 | train acc 0.898 | val loss 1.3926 | val acc 0.583 | ‖g‖ 2.3458 | 10s
step    810 | train loss 0.5120 | train acc 0.805 | val loss 1.3736 | val acc 0.581 | ‖g‖ 2.8832 | 10s
step    820 | train loss 0.5935 | train acc 0.750 | val loss 1.5080 | val acc 0.567 | ‖g‖ 4.3917 | 10s
step    830 | train loss 0.3692 | train acc 0.852 | val loss 1.4727 | val acc 0.567 | ‖g‖ 2.2362 | 10s
step    840 | train loss 0.4094 | train acc 0.828 | val loss 1.4281 | val acc 0.598 | ‖g‖ 3.0396 | 10s
step    850 | train loss 0.4100 | train acc 0.797 | val loss 1.4249 | val acc 0.583 | ‖g‖ 3.4023 | 11s
step    860 | train loss 0.4085 | train acc 0.844 | val loss 1.3499 | val acc 0.600 | ‖g‖ 2.1730 | 11s
step    870 | train loss 0.3511 | train acc 0.867 | val loss 1.3816 | val acc 0.588 | ‖g‖ 2.7747 | 11s
step    880 | train loss 0.3261 | train acc 0.867 | val loss 1.3793 | val acc 0.577 | ‖g‖ 2.2094 | 11s
step    890 | train loss 0.4634 | train acc 0.820 | val loss 1.3709 | val acc 0.596 | ‖g‖ 4.1672 | 11s
step    900 | train loss 0.3441 | train acc 0.852 | val loss 1.5151 | val acc 0.573 | ‖g‖ 2.9470 | 11s
step    910 | train loss 0.3635 | train acc 0.867 | val loss 1.5231 | val acc 0.560 | ‖g‖ 2.4827 | 11s
step    920 | train loss 0.4582 | train acc 0.836 | val loss 1.4328 | val acc 0.577 | ‖g‖ 3.3421 | 11s
step    930 | train loss 0.3787 | train acc 0.852 | val loss 1.4594 | val acc 0.573 | ‖g‖ 3.4664 | 11s
step    940 | train loss 0.3711 | train acc 0.883 | val loss 1.4035 | val acc 0.579 | ‖g‖ 3.0185 | 12s
step    950 | train loss 0.4013 | train acc 0.836 | val loss 1.4800 | val acc 0.569 | ‖g‖ 4.1106 | 12s
step    960 | train loss 0.2921 | train acc 0.891 | val loss 1.4201 | val acc 0.590 | ‖g‖ 3.0456 | 12s
step    970 | train loss 0.3446 | train acc 0.867 | val loss 1.4265 | val acc 0.598 | ‖g‖ 4.6005 | 12s
step    980 | train loss 0.3132 | train acc 0.867 | val loss 1.5133 | val acc 0.623 | ‖g‖ 3.4329 | 12s
step    990 | train loss 0.3483 | train acc 0.867 | val loss 1.4789 | val acc 0.579 | ‖g‖ 2.4569 | 12s
step   1000 | train loss 0.2851 | train acc 0.891 | val loss 1.4718 | val acc 0.565 | ‖g‖ 2.7561 | 12s
step   1100 | train loss 0.3194 | train acc 0.820 | val loss 1.3716 | val acc 0.617 | ‖g‖ 3.3939 | 13s
step   1200 | train loss 0.2181 | train acc 0.945 | val loss 1.3813 | val acc 0.621 | ‖g‖ 1.7568 | 14s
step   1300 | train loss 0.2224 | train acc 0.922 | val loss 1.4140 | val acc 0.588 | ‖g‖ 3.6347 | 15s
step   1400 | train loss 0.2446 | train acc 0.938 | val loss 1.5363 | val acc 0.585 | ‖g‖ 3.4219 | 17s
step   1500 | train loss 0.2645 | train acc 0.875 | val loss 1.4897 | val acc 0.613 | ‖g‖ 3.9867 | 18s
step   1600 | train loss 0.2549 | train acc 0.906 | val loss 1.5702 | val acc 0.592 | ‖g‖ 3.2866 | 19s
step   1700 | train loss 0.2885 | train acc 0.852 | val loss 1.5769 | val acc 0.619 | ‖g‖ 4.0167 | 20s
step   1800 | train loss 0.2242 | train acc 0.930 | val loss 1.4785 | val acc 0.596 | ‖g‖ 3.1533 | 21s
step   1900 | train loss 0.2684 | train acc 0.875 | val loss 1.6597 | val acc 0.579 | ‖g‖ 6.0496 | 22s
step   2000 | train loss 0.1364 | train acc 0.945 | val loss 1.6426 | val acc 0.596 | ‖g‖ 4.0619 | 23s
step   2100 | train loss 0.1437 | train acc 0.977 | val loss 1.7515 | val acc 0.583 | ‖g‖ 3.0287 | 25s
step   2200 | train loss 0.2178 | train acc 0.922 | val loss 1.4872 | val acc 0.598 | ‖g‖ 4.4500 | 26s
step   2300 | train loss 0.1614 | train acc 0.953 | val loss 1.5072 | val acc 0.604 | ‖g‖ 3.0430 | 27s
step   2400 | train loss 0.1606 | train acc 0.914 | val loss 1.6807 | val acc 0.621 | ‖g‖ 4.4928 | 28s
step   2500 | train loss 0.1560 | train acc 0.945 | val loss 1.6091 | val acc 0.590 | ‖g‖ 3.3051 | 29s
step   2600 | train loss 0.1810 | train acc 0.922 | val loss 1.5999 | val acc 0.592 | ‖g‖ 3.9514 | 30s
step   2700 | train loss 0.1699 | train acc 0.938 | val loss 1.7145 | val acc 0.590 | ‖g‖ 3.6354 | 32s
step   2800 | train loss 0.0908 | train acc 0.984 | val loss 1.8653 | val acc 0.602 | ‖g‖ 2.3455 | 33s
step   2900 | train loss 0.1918 | train acc 0.930 | val loss 1.6973 | val acc 0.606 | ‖g‖ 4.4998 | 34s
step   3000 | train loss 0.1577 | train acc 0.938 | val loss 1.5973 | val acc 0.567 | ‖g‖ 3.9672 | 35s
step   3100 | train loss 0.1488 | train acc 0.953 | val loss 1.8658 | val acc 0.560 | ‖g‖ 3.7453 | 36s
step   3200 | train loss 0.1362 | train acc 0.945 | val loss 1.7081 | val acc 0.602 | ‖g‖ 3.0846 | 37s
step   3300 | train loss 0.1444 | train acc 0.953 | val loss 1.7788 | val acc 0.596 | ‖g‖ 4.0229 | 38s
step   3400 | train loss 0.1457 | train acc 0.945 | val loss 1.7849 | val acc 0.590 | ‖g‖ 4.2702 | 40s
step   3500 | train loss 0.2693 | train acc 0.891 | val loss 1.6093 | val acc 0.623 | ‖g‖ 8.1903 | 41s
step   3600 | train loss 0.1495 | train acc 0.938 | val loss 1.7695 | val acc 0.623 | ‖g‖ 4.9067 | 42s
step   3700 | train loss 0.0891 | train acc 0.977 | val loss 1.6065 | val acc 0.644 | ‖g‖ 3.4907 | 43s
step   3800 | train loss 0.0504 | train acc 0.992 | val loss 1.8573 | val acc 0.594 | ‖g‖ 2.0316 | 45s
step   3900 | train loss 0.2455 | train acc 0.906 | val loss 1.5025 | val acc 0.617 | ‖g‖ 5.4780 | 47s
step   4000 | train loss 0.0942 | train acc 1.000 | val loss 1.6535 | val acc 0.642 | ‖g‖ 4.8231 | 48s
step   4100 | train loss 0.2364 | train acc 0.914 | val loss 1.6412 | val acc 0.585 | ‖g‖ 6.0354 | 49s
step   4200 | train loss 0.1838 | train acc 0.914 | val loss 1.6172 | val acc 0.588 | ‖g‖ 5.7575 | 51s
step   4300 | train loss 0.2025 | train acc 0.898 | val loss 1.7074 | val acc 0.617 | ‖g‖ 7.2967 | 52s
step   4400 | train loss 0.1856 | train acc 0.945 | val loss 1.7527 | val acc 0.606 | ‖g‖ 5.5619 | 54s
step   4500 | train loss 0.1518 | train acc 0.953 | val loss 1.5052 | val acc 0.621 | ‖g‖ 3.7392 | 55s
step   4600 | train loss 0.0573 | train acc 0.992 | val loss 1.5870 | val acc 0.623 | ‖g‖ 2.1332 | 56s
step   4700 | train loss 0.1245 | train acc 0.938 | val loss 1.4962 | val acc 0.617 | ‖g‖ 5.0135 | 58s
step   4800 | train loss 0.1886 | train acc 0.938 | val loss 1.9026 | val acc 0.554 | ‖g‖ 6.5880 | 59s
step   4900 | train loss 0.1453 | train acc 0.945 | val loss 1.5626 | val acc 0.619 | ‖g‖ 6.7309 | 60s
step   5000 | train loss 0.2269 | train acc 0.914 | val loss 1.4845 | val acc 0.625 | ‖g‖ 6.7269 | 61s
step   5100 | train loss 0.1117 | train acc 0.977 | val loss 1.5338 | val acc 0.633 | ‖g‖ 4.3523 | 62s
step   5200 | train loss 0.0994 | train acc 0.977 | val loss 1.6222 | val acc 0.635 | ‖g‖ 3.6716 | 64s
step   5300 | train loss 0.1653 | train acc 0.953 | val loss 1.7222 | val acc 0.617 | ‖g‖ 6.6558 | 65s
step   5400 | train loss 0.1200 | train acc 0.945 | val loss 1.5471 | val acc 0.617 | ‖g‖ 6.0865 | 66s
step   5500 | train loss 0.1566 | train acc 0.945 | val loss 1.6443 | val acc 0.619 | ‖g‖ 6.0993 | 68s
step   5600 | train loss 0.2019 | train acc 0.914 | val loss 1.6585 | val acc 0.631 | ‖g‖ 11.1241 | 69s
step   5700 | train loss 0.1393 | train acc 0.953 | val loss 1.5570 | val acc 0.633 | ‖g‖ 6.9628 | 70s
step   5800 | train loss 0.2330 | train acc 0.938 | val loss 1.4816 | val acc 0.673 | ‖g‖ 6.7976 | 71s
step   5900 | train loss 0.3634 | train acc 0.906 | val loss 1.6160 | val acc 0.637 | ‖g‖ 6.6158 | 73s
step   6000 | train loss 0.0731 | train acc 0.984 | val loss 1.5298 | val acc 0.640 | ‖g‖ 3.5738 | 74s
step   6100 | train loss 0.1274 | train acc 0.945 | val loss 1.6295 | val acc 0.656 | ‖g‖ 6.7477 | 75s
step   6200 | train loss 0.1025 | train acc 0.969 | val loss 1.6862 | val acc 0.650 | ‖g‖ 4.1173 | 76s
step   6300 | train loss 0.1983 | train acc 0.938 | val loss 1.4138 | val acc 0.662 | ‖g‖ 8.4634 | 77s
step   6400 | train loss 0.1761 | train acc 0.945 | val loss 1.6007 | val acc 0.633 | ‖g‖ 8.5960 | 78s
step   6500 | train loss 0.2161 | train acc 0.906 | val loss 1.6665 | val acc 0.619 | ‖g‖ 8.7616 | 80s
step   6600 | train loss 0.0600 | train acc 0.977 | val loss 1.5678 | val acc 0.660 | ‖g‖ 3.4058 | 81s
step   6700 | train loss 0.0800 | train acc 0.984 | val loss 1.4227 | val acc 0.665 | ‖g‖ 5.3345 | 82s
step   6800 | train loss 0.0980 | train acc 0.969 | val loss 1.5411 | val acc 0.688 | ‖g‖ 4.9519 | 83s
step   6900 | train loss 0.1945 | train acc 0.906 | val loss 1.5282 | val acc 0.658 | ‖g‖ 10.9734 | 84s
step   7000 | train loss 0.0957 | train acc 0.961 | val loss 1.7568 | val acc 0.642 | ‖g‖ 5.9667 | 86s
step   7100 | train loss 0.2903 | train acc 0.930 | val loss 1.7136 | val acc 0.650 | ‖g‖ 8.8045 | 87s
step   7200 | train loss 0.0497 | train acc 0.984 | val loss 1.5888 | val acc 0.658 | ‖g‖ 6.2212 | 89s
step   7300 | train loss 0.1365 | train acc 0.961 | val loss 1.4637 | val acc 0.633 | ‖g‖ 5.0830 | 90s
step   7400 | train loss 0.1980 | train acc 0.914 | val loss 1.5954 | val acc 0.675 | ‖g‖ 7.7529 | 91s
step   7500 | train loss 0.0687 | train acc 0.984 | val loss 1.6110 | val acc 0.671 | ‖g‖ 4.2077 | 92s
step   7600 | train loss 0.0999 | train acc 0.961 | val loss 1.3908 | val acc 0.681 | ‖g‖ 5.7150 | 94s
step   7700 | train loss 0.0927 | train acc 0.969 | val loss 1.4759 | val acc 0.667 | ‖g‖ 4.2253 | 95s
step   7800 | train loss 0.0688 | train acc 0.977 | val loss 1.7463 | val acc 0.654 | ‖g‖ 6.1152 | 96s
step   7900 | train loss 0.3039 | train acc 0.898 | val loss 1.5896 | val acc 0.646 | ‖g‖ 8.4138 | 98s
step   8000 | train loss 0.1361 | train acc 0.953 | val loss 1.5851 | val acc 0.654 | ‖g‖ 5.3515 | 100s
step   8100 | train loss 0.1678 | train acc 0.969 | val loss 1.6905 | val acc 0.652 | ‖g‖ 5.6961 | 101s
step   8200 | train loss 0.1111 | train acc 0.961 | val loss 1.5491 | val acc 0.633 | ‖g‖ 5.6569 | 102s
step   8300 | train loss 0.2059 | train acc 0.938 | val loss 1.5548 | val acc 0.631 | ‖g‖ 7.0162 | 104s
step   8400 | train loss 0.1560 | train acc 0.945 | val loss 1.6144 | val acc 0.658 | ‖g‖ 9.7577 | 105s
step   8500 | train loss 0.1477 | train acc 0.945 | val loss 1.6177 | val acc 0.660 | ‖g‖ 8.9807 | 106s
step   8600 | train loss 0.1038 | train acc 0.953 | val loss 1.6653 | val acc 0.652 | ‖g‖ 8.4748 | 107s
step   8700 | train loss 0.0889 | train acc 0.953 | val loss 1.5983 | val acc 0.658 | ‖g‖ 6.4153 | 108s
step   8800 | train loss 0.1617 | train acc 0.953 | val loss 1.4696 | val acc 0.662 | ‖g‖ 8.4279 | 110s
step   8900 | train loss 0.1093 | train acc 0.953 | val loss 1.5073 | val acc 0.652 | ‖g‖ 5.1967 | 111s
step   9000 | train loss 0.0299 | train acc 1.000 | val loss 1.5364 | val acc 0.673 | ‖g‖ 3.2765 | 112s
step   9100 | train loss 0.0562 | train acc 0.984 | val loss 1.5250 | val acc 0.671 | ‖g‖ 3.7116 | 113s
step   9200 | train loss 0.1749 | train acc 0.945 | val loss 1.3178 | val acc 0.702 | ‖g‖ 9.6903 | 114s
step   9300 | train loss 0.1029 | train acc 0.969 | val loss 1.4941 | val acc 0.673 | ‖g‖ 5.4383 | 116s
step   9400 | train loss 0.0538 | train acc 0.992 | val loss 1.5399 | val acc 0.667 | ‖g‖ 3.7311 | 118s
step   9500 | train loss 0.1441 | train acc 0.945 | val loss 1.4916 | val acc 0.665 | ‖g‖ 5.6674 | 119s
step   9600 | train loss 0.0888 | train acc 0.961 | val loss 1.5755 | val acc 0.665 | ‖g‖ 6.2735 | 121s
step   9700 | train loss 0.0691 | train acc 0.969 | val loss 1.4903 | val acc 0.675 | ‖g‖ 2.7606 | 122s
step   9800 | train loss 0.1238 | train acc 0.953 | val loss 1.6472 | val acc 0.667 | ‖g‖ 10.8804 | 123s
step   9900 | train loss 0.0482 | train acc 0.992 | val loss 1.5530 | val acc 0.679 | ‖g‖ 2.7231 | 125s
step  10000 | train loss 0.0971 | train acc 0.961 | val loss 1.3890 | val acc 0.671 | ‖g‖ 5.0918 | 126s
step  10100 | train loss 0.0924 | train acc 0.977 | val loss 1.5677 | val acc 0.667 | ‖g‖ 5.0376 | 127s
step  10200 | train loss 0.0876 | train acc 0.969 | val loss 1.4553 | val acc 0.700 | ‖g‖ 5.7060 | 129s
step  10300 | train loss 0.0739 | train acc 0.969 | val loss 1.6251 | val acc 0.679 | ‖g‖ 4.4407 | 130s
step  10400 | train loss 0.0892 | train acc 0.969 | val loss 1.4533 | val acc 0.669 | ‖g‖ 7.3799 | 131s
step  10500 | train loss 0.1062 | train acc 0.953 | val loss 1.6312 | val acc 0.656 | ‖g‖ 7.8388 | 132s
step  10600 | train loss 0.1106 | train acc 0.969 | val loss 1.5280 | val acc 0.650 | ‖g‖ 5.9599 | 133s
step  10700 | train loss 0.0663 | train acc 0.984 | val loss 1.5787 | val acc 0.681 | ‖g‖ 4.4909 | 135s
step  10800 | train loss 0.0838 | train acc 0.977 | val loss 1.6001 | val acc 0.656 | ‖g‖ 7.6168 | 136s
step  10900 | train loss 0.1902 | train acc 0.945 | val loss 1.3826 | val acc 0.708 | ‖g‖ 7.9517 | 137s
step  11000 | train loss 0.0724 | train acc 0.977 | val loss 1.4321 | val acc 0.694 | ‖g‖ 4.7326 | 139s
step  11100 | train loss 0.0652 | train acc 0.984 | val loss 1.2530 | val acc 0.717 | ‖g‖ 4.9963 | 140s
step  11200 | train loss 0.0994 | train acc 0.953 | val loss 1.5837 | val acc 0.667 | ‖g‖ 8.5509 | 141s
step  11300 | train loss 0.1197 | train acc 0.953 | val loss 1.6605 | val acc 0.662 | ‖g‖ 5.7830 | 142s
step  11400 | train loss 0.0415 | train acc 0.984 | val loss 1.4687 | val acc 0.683 | ‖g‖ 4.7175 | 144s
step  11500 | train loss 0.0994 | train acc 0.961 | val loss 1.4049 | val acc 0.685 | ‖g‖ 7.5149 | 145s
step  11600 | train loss 0.2579 | train acc 0.945 | val loss 1.5154 | val acc 0.694 | ‖g‖ 10.7930 | 147s
step  11700 | train loss 0.0614 | train acc 0.977 | val loss 1.4484 | val acc 0.690 | ‖g‖ 5.1097 | 148s
step  11800 | train loss 0.1435 | train acc 0.945 | val loss 1.5424 | val acc 0.685 | ‖g‖ 11.6518 | 149s
step  11900 | train loss 0.1300 | train acc 0.961 | val loss 1.4451 | val acc 0.669 | ‖g‖ 13.5264 | 150s
step  12000 | train loss 0.0659 | train acc 0.969 | val loss 1.5834 | val acc 0.685 | ‖g‖ 6.3209 | 151s
step  12100 | train loss 0.0941 | train acc 0.961 | val loss 1.3726 | val acc 0.665 | ‖g‖ 4.5942 | 152s
step  12200 | train loss 0.0384 | train acc 1.000 | val loss 1.5985 | val acc 0.673 | ‖g‖ 4.3529 | 154s
step  12300 | train loss 0.0358 | train acc 1.000 | val loss 1.5521 | val acc 0.683 | ‖g‖ 4.7714 | 155s
step  12400 | train loss 0.1206 | train acc 0.953 | val loss 1.4847 | val acc 0.646 | ‖g‖ 11.9814 | 156s
step  12500 | train loss 0.1889 | train acc 0.906 | val loss 1.2672 | val acc 0.704 | ‖g‖ 14.2050 | 157s
step  12600 | train loss 0.0441 | train acc 0.992 | val loss 1.5312 | val acc 0.671 | ‖g‖ 4.4291 | 159s
step  12700 | train loss 0.1033 | train acc 0.961 | val loss 1.4547 | val acc 0.698 | ‖g‖ 7.8034 | 160s
step  12800 | train loss 0.0968 | train acc 0.969 | val loss 1.5241 | val acc 0.685 | ‖g‖ 8.0321 | 162s
step  12900 | train loss 0.0436 | train acc 0.992 | val loss 1.4531 | val acc 0.671 | ‖g‖ 2.7227 | 163s
step  13000 | train loss 0.1247 | train acc 0.969 | val loss 1.3813 | val acc 0.708 | ‖g‖ 5.6115 | 164s
step  13100 | train loss 0.1049 | train acc 0.961 | val loss 1.4048 | val acc 0.669 | ‖g‖ 5.8562 | 166s
step  13200 | train loss 0.0650 | train acc 0.961 | val loss 1.3888 | val acc 0.700 | ‖g‖ 7.8329 | 167s
step  13300 | train loss 0.0408 | train acc 0.984 | val loss 1.5778 | val acc 0.675 | ‖g‖ 3.3322 | 169s
step  13400 | train loss 0.1674 | train acc 0.945 | val loss 1.2608 | val acc 0.700 | ‖g‖ 6.4494 | 170s
step  13500 | train loss 0.0546 | train acc 0.992 | val loss 1.3960 | val acc 0.708 | ‖g‖ 4.0811 | 171s
step  13600 | train loss 0.0943 | train acc 0.977 | val loss 1.5702 | val acc 0.681 | ‖g‖ 6.5207 | 172s
step  13700 | train loss 0.1840 | train acc 0.938 | val loss 1.6760 | val acc 0.669 | ‖g‖ 13.4855 | 174s
step  13800 | train loss 0.0585 | train acc 0.984 | val loss 1.4344 | val acc 0.660 | ‖g‖ 3.1380 | 175s
step  13900 | train loss 0.0486 | train acc 0.992 | val loss 1.5697 | val acc 0.683 | ‖g‖ 6.0728 | 177s
step  14000 | train loss 0.1420 | train acc 0.969 | val loss 1.4962 | val acc 0.688 | ‖g‖ 6.3417 | 178s
step  14100 | train loss 0.1463 | train acc 0.930 | val loss 1.5611 | val acc 0.683 | ‖g‖ 10.0535 | 180s
step  14200 | train loss 0.1066 | train acc 0.945 | val loss 1.5080 | val acc 0.679 | ‖g‖ 8.5386 | 181s
step  14300 | train loss 0.1564 | train acc 0.922 | val loss 1.5832 | val acc 0.650 | ‖g‖ 10.9527 | 182s
step  14400 | train loss 0.1360 | train acc 0.961 | val loss 1.5229 | val acc 0.688 | ‖g‖ 7.6270 | 183s
step  14500 | train loss 0.0706 | train acc 0.977 | val loss 1.7023 | val acc 0.685 | ‖g‖ 14.7673 | 185s
step  14600 | train loss 0.0382 | train acc 0.984 | val loss 1.4152 | val acc 0.698 | ‖g‖ 2.9189 | 186s
step  14700 | train loss 0.2062 | train acc 0.883 | val loss 1.1920 | val acc 0.685 | ‖g‖ 7.1808 | 187s
step  14800 | train loss 0.0636 | train acc 0.969 | val loss 1.4278 | val acc 0.698 | ‖g‖ 7.4437 | 188s
step  14900 | train loss 0.0426 | train acc 0.992 | val loss 1.4754 | val acc 0.679 | ‖g‖ 5.3931 | 189s
step  15000 | train loss 0.0605 | train acc 0.984 | val loss 1.5930 | val acc 0.669 | ‖g‖ 9.3223 | 190s
step  15100 | train loss 0.0923 | train acc 0.969 | val loss 1.5944 | val acc 0.677 | ‖g‖ 7.1769 | 192s
step  15200 | train loss 0.0522 | train acc 0.977 | val loss 1.5721 | val acc 0.673 | ‖g‖ 3.2612 | 193s
step  15300 | train loss 0.0412 | train acc 0.992 | val loss 1.6510 | val acc 0.704 | ‖g‖ 5.8577 | 194s
step  15400 | train loss 0.1578 | train acc 0.945 | val loss 1.5509 | val acc 0.702 | ‖g‖ 9.4751 | 195s
step  15500 | train loss 0.0744 | train acc 0.977 | val loss 1.6039 | val acc 0.654 | ‖g‖ 6.6523 | 197s
step  15600 | train loss 0.0567 | train acc 0.984 | val loss 1.3951 | val acc 0.688 | ‖g‖ 6.5960 | 198s
step  15700 | train loss 0.0592 | train acc 0.961 | val loss 1.5419 | val acc 0.700 | ‖g‖ 9.6948 | 199s
step  15800 | train loss 0.0761 | train acc 0.984 | val loss 1.4749 | val acc 0.706 | ‖g‖ 6.6060 | 201s
step  15900 | train loss 0.0901 | train acc 0.992 | val loss 1.6887 | val acc 0.650 | ‖g‖ 7.5918 | 202s
step  16000 | train loss 0.1537 | train acc 0.938 | val loss 1.4603 | val acc 0.658 | ‖g‖ 8.5013 | 204s
step  16100 | train loss 0.1368 | train acc 0.938 | val loss 1.5555 | val acc 0.681 | ‖g‖ 11.6897 | 205s
step  16200 | train loss 0.0699 | train acc 0.984 | val loss 1.6553 | val acc 0.696 | ‖g‖ 10.0044 | 207s
step  16300 | train loss 0.0735 | train acc 0.977 | val loss 1.5793 | val acc 0.719 | ‖g‖ 7.5286 | 208s
step  16400 | train loss 0.0832 | train acc 0.977 | val loss 1.3411 | val acc 0.698 | ‖g‖ 7.0863 | 210s
step  16500 | train loss 0.1319 | train acc 0.945 | val loss 1.8304 | val acc 0.671 | ‖g‖ 9.5924 | 212s
step  16600 | train loss 0.0293 | train acc 0.992 | val loss 1.6667 | val acc 0.681 | ‖g‖ 5.6239 | 214s
step  16700 | train loss 0.0802 | train acc 0.984 | val loss 1.4366 | val acc 0.698 | ‖g‖ 4.6628 | 215s
step  16800 | train loss 0.0675 | train acc 0.969 | val loss 1.5218 | val acc 0.685 | ‖g‖ 6.6047 | 216s
step  16900 | train loss 0.1068 | train acc 0.961 | val loss 1.5581 | val acc 0.669 | ‖g‖ 9.1050 | 218s
step  17000 | train loss 0.0538 | train acc 0.977 | val loss 1.6316 | val acc 0.658 | ‖g‖ 7.2100 | 219s
step  17100 | train loss 0.1205 | train acc 0.945 | val loss 1.4088 | val acc 0.710 | ‖g‖ 8.9486 | 221s
step  17200 | train loss 0.0279 | train acc 0.992 | val loss 1.6383 | val acc 0.704 | ‖g‖ 2.9803 | 222s
step  17300 | train loss 0.0495 | train acc 0.992 | val loss 1.5882 | val acc 0.700 | ‖g‖ 3.7380 | 223s
step  17400 | train loss 0.1371 | train acc 0.953 | val loss 1.5569 | val acc 0.681 | ‖g‖ 9.9255 | 225s
step  17500 | train loss 0.1102 | train acc 0.953 | val loss 1.4518 | val acc 0.698 | ‖g‖ 13.9588 | 226s
step  17600 | train loss 0.0676 | train acc 0.969 | val loss 1.5402 | val acc 0.665 | ‖g‖ 4.8844 | 228s
step  17700 | train loss 0.0368 | train acc 0.992 | val loss 1.5395 | val acc 0.698 | ‖g‖ 4.3929 | 230s
step  17800 | train loss 0.0416 | train acc 0.992 | val loss 1.5234 | val acc 0.692 | ‖g‖ 5.5290 | 232s
step  17900 | train loss 0.1848 | train acc 0.930 | val loss 1.5600 | val acc 0.673 | ‖g‖ 9.7752 | 233s
step  18000 | train loss 0.0250 | train acc 1.000 | val loss 1.6373 | val acc 0.665 | ‖g‖ 5.5199 | 235s
step  18100 | train loss 0.0980 | train acc 0.977 | val loss 1.7240 | val acc 0.688 | ‖g‖ 15.6097 | 236s
step  18200 | train loss 0.0559 | train acc 0.969 | val loss 1.6870 | val acc 0.692 | ‖g‖ 6.5975 | 238s
step  18300 | train loss 0.1937 | train acc 0.914 | val loss 1.7034 | val acc 0.679 | ‖g‖ 14.8475 | 239s
step  18400 | train loss 0.1637 | train acc 0.938 | val loss 1.2888 | val acc 0.675 | ‖g‖ 9.8066 | 241s
step  18500 | train loss 0.1248 | train acc 0.953 | val loss 1.5890 | val acc 0.706 | ‖g‖ 11.7035 | 242s
step  18600 | train loss 0.0571 | train acc 0.977 | val loss 1.5539 | val acc 0.679 | ‖g‖ 5.2227 | 244s
step  18700 | train loss 0.0971 | train acc 0.961 | val loss 1.5164 | val acc 0.677 | ‖g‖ 8.2899 | 245s
step  18800 | train loss 0.0602 | train acc 0.984 | val loss 1.5255 | val acc 0.698 | ‖g‖ 4.6005 | 247s
step  18900 | train loss 0.0540 | train acc 0.977 | val loss 1.6185 | val acc 0.683 | ‖g‖ 5.4983 | 249s
step  19000 | train loss 0.0398 | train acc 1.000 | val loss 1.4983 | val acc 0.694 | ‖g‖ 3.8413 | 250s
step  19100 | train loss 0.0621 | train acc 0.984 | val loss 1.5205 | val acc 0.706 | ‖g‖ 6.5166 | 252s
step  19200 | train loss 0.0507 | train acc 0.984 | val loss 1.4838 | val acc 0.698 | ‖g‖ 3.8348 | 254s
step  19300 | train loss 0.1139 | train acc 0.953 | val loss 1.4469 | val acc 0.688 | ‖g‖ 6.4416 | 255s
step  19400 | train loss 0.0554 | train acc 0.984 | val loss 1.4956 | val acc 0.696 | ‖g‖ 5.7022 | 257s
step  19500 | train loss 0.0266 | train acc 1.000 | val loss 1.6936 | val acc 0.702 | ‖g‖ 3.0899 | 258s
step  19600 | train loss 0.0811 | train acc 0.977 | val loss 1.5636 | val acc 0.690 | ‖g‖ 7.6082 | 260s
step  19700 | train loss 0.0544 | train acc 0.992 | val loss 1.4538 | val acc 0.706 | ‖g‖ 9.2713 | 262s
step  19800 | train loss 0.0554 | train acc 0.984 | val loss 1.7642 | val acc 0.677 | ‖g‖ 5.4911 | 263s
step  19900 | train loss 0.0593 | train acc 0.961 | val loss 1.6163 | val acc 0.683 | ‖g‖ 6.9284 | 265s
step  20000 | train loss 0.0490 | train acc 0.992 | val loss 1.6419 | val acc 0.700 | ‖g‖ 5.2924 | 266s
step  20100 | train loss 0.0533 | train acc 0.984 | val loss 1.4813 | val acc 0.719 | ‖g‖ 6.2507 | 268s
step  20200 | train loss 0.1297 | train acc 0.969 | val loss 1.6967 | val acc 0.690 | ‖g‖ 10.5812 | 269s
step  20300 | train loss 0.0730 | train acc 0.977 | val loss 1.4309 | val acc 0.715 | ‖g‖ 5.6282 | 271s
step  20400 | train loss 0.1176 | train acc 0.953 | val loss 1.4832 | val acc 0.702 | ‖g‖ 15.2817 | 272s
step  20500 | train loss 0.0258 | train acc 1.000 | val loss 1.6641 | val acc 0.671 | ‖g‖ 3.2970 | 274s
step  20600 | train loss 0.0442 | train acc 0.992 | val loss 1.5188 | val acc 0.660 | ‖g‖ 4.0282 | 276s
step  20700 | train loss 0.0273 | train acc 0.992 | val loss 1.5912 | val acc 0.706 | ‖g‖ 3.6936 | 277s
step  20800 | train loss 0.1372 | train acc 0.930 | val loss 1.5197 | val acc 0.700 | ‖g‖ 12.7467 | 279s
step  20900 | train loss 0.0287 | train acc 0.992 | val loss 1.5316 | val acc 0.673 | ‖g‖ 2.6328 | 281s
step  21000 | train loss 0.0639 | train acc 0.977 | val loss 1.6732 | val acc 0.667 | ‖g‖ 8.0500 | 282s
step  21100 | train loss 0.0558 | train acc 0.977 | val loss 1.4567 | val acc 0.694 | ‖g‖ 3.9393 | 284s
step  21200 | train loss 0.0196 | train acc 1.000 | val loss 1.6392 | val acc 0.706 | ‖g‖ 2.0305 | 286s
step  21300 | train loss 0.0535 | train acc 0.992 | val loss 1.6545 | val acc 0.690 | ‖g‖ 7.8549 | 288s
step  21400 | train loss 0.0642 | train acc 0.984 | val loss 1.6513 | val acc 0.669 | ‖g‖ 6.8904 | 289s
step  21500 | train loss 0.0382 | train acc 0.992 | val loss 1.5701 | val acc 0.708 | ‖g‖ 3.2295 | 291s
step  21600 | train loss 0.1452 | train acc 0.938 | val loss 1.5877 | val acc 0.683 | ‖g‖ 9.8338 | 293s
step  21700 | train loss 0.0610 | train acc 0.984 | val loss 1.4777 | val acc 0.717 | ‖g‖ 10.4999 | 295s
step  21800 | train loss 0.0690 | train acc 0.969 | val loss 1.4630 | val acc 0.715 | ‖g‖ 7.0159 | 296s
step  21900 | train loss 0.1369 | train acc 0.961 | val loss 1.7181 | val acc 0.694 | ‖g‖ 10.4661 | 298s
step  22000 | train loss 0.1509 | train acc 0.938 | val loss 1.6463 | val acc 0.685 | ‖g‖ 12.0519 | 300s
step  22100 | train loss 0.0530 | train acc 0.992 | val loss 1.5051 | val acc 0.700 | ‖g‖ 4.4357 | 302s
step  22200 | train loss 0.1512 | train acc 0.938 | val loss 1.4451 | val acc 0.710 | ‖g‖ 9.6274 | 303s
step  22300 | train loss 0.0233 | train acc 0.992 | val loss 1.7514 | val acc 0.690 | ‖g‖ 5.0708 | 305s
step  22400 | train loss 0.2171 | train acc 0.922 | val loss 1.5362 | val acc 0.700 | ‖g‖ 17.3789 | 307s
step  22500 | train loss 0.0599 | train acc 0.977 | val loss 1.6227 | val acc 0.698 | ‖g‖ 7.8235 | 309s
step  22600 | train loss 0.0984 | train acc 0.977 | val loss 1.6950 | val acc 0.696 | ‖g‖ 10.9156 | 311s
step  22700 | train loss 0.1036 | train acc 0.961 | val loss 1.6815 | val acc 0.677 | ‖g‖ 10.3256 | 312s
step  22800 | train loss 0.0780 | train acc 0.977 | val loss 1.5439 | val acc 0.694 | ‖g‖ 8.7351 | 314s
step  22900 | train loss 0.1142 | train acc 0.961 | val loss 1.5082 | val acc 0.694 | ‖g‖ 6.8457 | 316s
step  23000 | train loss 0.0277 | train acc 0.992 | val loss 1.6511 | val acc 0.713 | ‖g‖ 4.8297 | 318s
step  23100 | train loss 0.0880 | train acc 0.969 | val loss 1.5697 | val acc 0.696 | ‖g‖ 7.0136 | 319s
step  23200 | train loss 0.0947 | train acc 0.977 | val loss 1.5078 | val acc 0.713 | ‖g‖ 9.2192 | 321s
step  23300 | train loss 0.0368 | train acc 0.992 | val loss 1.5640 | val acc 0.713 | ‖g‖ 5.0719 | 323s
step  23400 | train loss 0.0551 | train acc 0.977 | val loss 1.7067 | val acc 0.700 | ‖g‖ 8.4133 | 324s
step  23500 | train loss 0.0249 | train acc 0.992 | val loss 1.6572 | val acc 0.675 | ‖g‖ 2.7810 | 327s
step  23600 | train loss 0.1957 | train acc 0.938 | val loss 1.4176 | val acc 0.690 | ‖g‖ 12.3936 | 328s
step  23700 | train loss 0.0907 | train acc 0.977 | val loss 1.5121 | val acc 0.694 | ‖g‖ 5.6427 | 330s
step  23800 | train loss 0.0275 | train acc 1.000 | val loss 1.5440 | val acc 0.715 | ‖g‖ 2.9937 | 332s
step  23900 | train loss 0.0986 | train acc 0.969 | val loss 1.6168 | val acc 0.681 | ‖g‖ 7.4762 | 334s
step  24000 | train loss 0.0921 | train acc 0.969 | val loss 1.6180 | val acc 0.667 | ‖g‖ 6.9919 | 336s
step  24100 | train loss 0.1741 | train acc 0.938 | val loss 1.4013 | val acc 0.681 | ‖g‖ 13.2429 | 337s
step  24200 | train loss 0.0399 | train acc 0.992 | val loss 1.7119 | val acc 0.698 | ‖g‖ 5.3422 | 339s
step  24300 | train loss 0.0855 | train acc 0.969 | val loss 1.6010 | val acc 0.700 | ‖g‖ 9.0245 | 341s
step  24400 | train loss 0.0661 | train acc 0.977 | val loss 1.8277 | val acc 0.706 | ‖g‖ 13.9167 | 344s
step  24500 | train loss 0.0831 | train acc 0.977 | val loss 1.4182 | val acc 0.700 | ‖g‖ 4.1445 | 347s
step  24600 | train loss 0.1711 | train acc 0.938 | val loss 1.4567 | val acc 0.671 | ‖g‖ 9.0563 | 349s
step  24700 | train loss 0.0999 | train acc 0.977 | val loss 1.6228 | val acc 0.698 | ‖g‖ 7.1260 | 351s
step  24800 | train loss 0.0760 | train acc 0.969 | val loss 1.3407 | val acc 0.700 | ‖g‖ 7.7420 | 353s
step  24900 | train loss 0.0418 | train acc 0.984 | val loss 1.6356 | val acc 0.698 | ‖g‖ 4.5688 | 354s
step  25000 | train loss 0.0409 | train acc 1.000 | val loss 1.5025 | val acc 0.696 | ‖g‖ 4.9761 | 356s
step  25100 | train loss 0.0776 | train acc 0.977 | val loss 1.4583 | val acc 0.702 | ‖g‖ 5.7736 | 357s
step  25200 | train loss 0.0150 | train acc 1.000 | val loss 1.6913 | val acc 0.704 | ‖g‖ 2.2909 | 359s
step  25300 | train loss 0.1186 | train acc 0.953 | val loss 1.6941 | val acc 0.698 | ‖g‖ 16.8846 | 361s
step  25400 | train loss 0.0751 | train acc 0.977 | val loss 1.3030 | val acc 0.696 | ‖g‖ 5.9187 | 362s
step  25500 | train loss 0.0927 | train acc 0.984 | val loss 1.5349 | val acc 0.665 | ‖g‖ 7.2724 | 363s
step  25600 | train loss 0.0858 | train acc 0.961 | val loss 1.5537 | val acc 0.694 | ‖g‖ 7.6695 | 365s
step  25700 | train loss 0.0802 | train acc 0.977 | val loss 1.6256 | val acc 0.694 | ‖g‖ 10.8309 | 366s
step  25800 | train loss 0.0133 | train acc 1.000 | val loss 1.6968 | val acc 0.685 | ‖g‖ 2.5840 | 368s
step  25900 | train loss 0.1640 | train acc 0.922 | val loss 1.5634 | val acc 0.660 | ‖g‖ 6.9561 | 369s
step  26000 | train loss 0.1391 | train acc 0.953 | val loss 1.6720 | val acc 0.696 | ‖g‖ 14.0000 | 371s
step  26100 | train loss 0.0800 | train acc 0.977 | val loss 1.4636 | val acc 0.708 | ‖g‖ 5.9192 | 372s
step  26200 | train loss 0.1016 | train acc 0.945 | val loss 1.4978 | val acc 0.681 | ‖g‖ 11.3445 | 373s
step  26300 | train loss 0.0842 | train acc 0.969 | val loss 1.6337 | val acc 0.700 | ‖g‖ 9.8289 | 375s
step  26400 | train loss 0.1221 | train acc 0.953 | val loss 1.4152 | val acc 0.702 | ‖g‖ 9.9295 | 376s
step  26500 | train loss 0.1176 | train acc 0.953 | val loss 1.6252 | val acc 0.713 | ‖g‖ 12.0744 | 377s
step  26600 | train loss 0.1200 | train acc 0.953 | val loss 1.5198 | val acc 0.700 | ‖g‖ 12.4611 | 379s
step  26700 | train loss 0.0711 | train acc 0.977 | val loss 1.5356 | val acc 0.696 | ‖g‖ 9.8804 | 380s
step  26800 | train loss 0.0908 | train acc 0.984 | val loss 1.6397 | val acc 0.688 | ‖g‖ 6.8699 | 382s
step  26900 | train loss 0.0760 | train acc 0.969 | val loss 1.5387 | val acc 0.688 | ‖g‖ 8.0086 | 383s
step  27000 | train loss 0.0437 | train acc 0.977 | val loss 1.6297 | val acc 0.694 | ‖g‖ 11.3508 | 384s
step  27100 | train loss 0.1024 | train acc 0.953 | val loss 1.5640 | val acc 0.706 | ‖g‖ 8.8849 | 386s
step  27200 | train loss 0.1076 | train acc 0.938 | val loss 1.5604 | val acc 0.683 | ‖g‖ 10.9460 | 387s
step  27300 | train loss 0.0838 | train acc 0.977 | val loss 1.5113 | val acc 0.698 | ‖g‖ 6.3780 | 388s
step  27400 | train loss 0.0253 | train acc 1.000 | val loss 1.7065 | val acc 0.692 | ‖g‖ 5.5709 | 390s
step  27500 | train loss 0.1174 | train acc 0.961 | val loss 1.4094 | val acc 0.681 | ‖g‖ 8.5310 | 391s
step  27600 | train loss 0.0306 | train acc 0.992 | val loss 1.5333 | val acc 0.688 | ‖g‖ 2.8620 | 392s
step  27700 | train loss 0.0557 | train acc 0.984 | val loss 1.5135 | val acc 0.719 | ‖g‖ 6.5332 | 394s
step  27800 | train loss 0.1626 | train acc 0.961 | val loss 1.4935 | val acc 0.702 | ‖g‖ 8.3072 | 395s
step  27900 | train loss 0.0565 | train acc 0.969 | val loss 1.4897 | val acc 0.708 | ‖g‖ 4.8189 | 396s
step  28000 | train loss 0.0765 | train acc 0.953 | val loss 1.6195 | val acc 0.704 | ‖g‖ 11.2767 | 397s
step  28100 | train loss 0.0366 | train acc 0.984 | val loss 1.6014 | val acc 0.708 | ‖g‖ 10.8526 | 399s
step  28200 | train loss 0.1389 | train acc 0.969 | val loss 1.4528 | val acc 0.688 | ‖g‖ 4.7315 | 400s
step  28300 | train loss 0.1639 | train acc 0.930 | val loss 1.4825 | val acc 0.713 | ‖g‖ 15.5656 | 401s
step  28400 | train loss 0.0454 | train acc 0.977 | val loss 1.5699 | val acc 0.715 | ‖g‖ 7.0325 | 403s
step  28500 | train loss 0.0429 | train acc 0.984 | val loss 1.4229 | val acc 0.713 | ‖g‖ 4.3598 | 405s
step  28600 | train loss 0.0411 | train acc 0.984 | val loss 1.4985 | val acc 0.719 | ‖g‖ 6.3284 | 406s
step  28700 | train loss 0.0990 | train acc 0.977 | val loss 1.5221 | val acc 0.700 | ‖g‖ 6.7436 | 408s
step  28800 | train loss 0.1148 | train acc 0.945 | val loss 1.5020 | val acc 0.681 | ‖g‖ 10.4399 | 409s
step  28900 | train loss 0.0640 | train acc 0.977 | val loss 1.5153 | val acc 0.692 | ‖g‖ 6.9538 | 410s
step  29000 | train loss 0.0607 | train acc 0.984 | val loss 1.5684 | val acc 0.700 | ‖g‖ 6.3335 | 412s
step  29100 | train loss 0.0216 | train acc 0.992 | val loss 1.5186 | val acc 0.708 | ‖g‖ 3.3688 | 413s
step  29200 | train loss 0.0930 | train acc 0.969 | val loss 1.4523 | val acc 0.702 | ‖g‖ 6.5224 | 415s
step  29300 | train loss 0.0372 | train acc 0.984 | val loss 1.6429 | val acc 0.704 | ‖g‖ 7.0022 | 416s
step  29400 | train loss 0.0190 | train acc 1.000 | val loss 1.4802 | val acc 0.702 | ‖g‖ 2.1607 | 418s
step  29500 | train loss 0.0487 | train acc 0.984 | val loss 1.5475 | val acc 0.719 | ‖g‖ 6.3083 | 420s
step  29600 | train loss 0.1033 | train acc 0.961 | val loss 1.3541 | val acc 0.690 | ‖g‖ 6.5455 | 421s
step  29700 | train loss 0.0640 | train acc 0.969 | val loss 1.5087 | val acc 0.717 | ‖g‖ 10.1488 | 423s
step  29800 | train loss 0.0319 | train acc 1.000 | val loss 1.4963 | val acc 0.696 | ‖g‖ 6.9304 | 424s
step  29900 | train loss 0.0213 | train acc 1.000 | val loss 1.4726 | val acc 0.706 | ‖g‖ 3.1885 | 426s
step  30000 | train loss 0.1419 | train acc 0.930 | val loss 1.4358 | val acc 0.681 | ‖g‖ 18.4412 | 427s
step  30100 | train loss 0.0783 | train acc 0.969 | val loss 1.6875 | val acc 0.685 | ‖g‖ 11.2110 | 429s
step  30200 | train loss 0.0895 | train acc 0.969 | val loss 1.6423 | val acc 0.675 | ‖g‖ 7.1221 | 430s
step  30300 | train loss 0.0421 | train acc 0.992 | val loss 1.5720 | val acc 0.702 | ‖g‖ 4.3501 | 432s
step  30400 | train loss 0.0159 | train acc 1.000 | val loss 1.6609 | val acc 0.690 | ‖g‖ 2.5330 | 433s
step  30500 | train loss 0.1225 | train acc 0.969 | val loss 1.1831 | val acc 0.702 | ‖g‖ 8.6876 | 434s
step  30600 | train loss 0.0588 | train acc 0.992 | val loss 1.4428 | val acc 0.692 | ‖g‖ 6.3312 | 436s
step  30700 | train loss 0.1047 | train acc 0.977 | val loss 1.5772 | val acc 0.685 | ‖g‖ 7.8668 | 438s
step  30800 | train loss 0.0392 | train acc 0.992 | val loss 1.6106 | val acc 0.683 | ‖g‖ 9.3232 | 439s
step  30900 | train loss 0.0637 | train acc 0.992 | val loss 1.4312 | val acc 0.702 | ‖g‖ 8.7895 | 441s
step  31000 | train loss 0.0956 | train acc 0.969 | val loss 1.4351 | val acc 0.698 | ‖g‖ 10.4765 | 442s
step  31100 | train loss 0.0240 | train acc 1.000 | val loss 1.5531 | val acc 0.694 | ‖g‖ 2.6514 | 444s
step  31200 | train loss 0.0352 | train acc 0.984 | val loss 1.5476 | val acc 0.692 | ‖g‖ 3.6773 | 445s
step  31300 | train loss 0.1891 | train acc 0.938 | val loss 1.3498 | val acc 0.696 | ‖g‖ 13.6672 | 446s
step  31400 | train loss 0.0438 | train acc 1.000 | val loss 1.5298 | val acc 0.700 | ‖g‖ 4.3036 | 448s
step  31500 | train loss 0.0585 | train acc 0.984 | val loss 1.4061 | val acc 0.698 | ‖g‖ 7.2753 | 449s
step  31600 | train loss 0.0309 | train acc 0.992 | val loss 1.5455 | val acc 0.719 | ‖g‖ 5.4030 | 451s
step  31700 | train loss 0.0301 | train acc 1.000 | val loss 1.4338 | val acc 0.698 | ‖g‖ 2.3962 | 453s
step  31800 | train loss 0.0797 | train acc 0.977 | val loss 1.7471 | val acc 0.704 | ‖g‖ 6.4668 | 454s
step  31900 | train loss 0.0458 | train acc 0.992 | val loss 1.6171 | val acc 0.698 | ‖g‖ 7.1287 | 456s
step  32000 | train loss 0.0794 | train acc 0.969 | val loss 1.5366 | val acc 0.677 | ‖g‖ 9.7779 | 457s
step  32100 | train loss 0.0310 | train acc 0.984 | val loss 1.8185 | val acc 0.690 | ‖g‖ 4.4014 | 459s
step  32200 | train loss 0.1366 | train acc 0.953 | val loss 1.4479 | val acc 0.690 | ‖g‖ 8.2946 | 460s
step  32300 | train loss 0.0495 | train acc 0.984 | val loss 1.5008 | val acc 0.692 | ‖g‖ 5.8628 | 462s
step  32400 | train loss 0.0377 | train acc 0.992 | val loss 1.5493 | val acc 0.731 | ‖g‖ 3.7965 | 463s
step  32500 | train loss 0.1340 | train acc 0.953 | val loss 1.5736 | val acc 0.715 | ‖g‖ 12.8229 | 464s
step  32600 | train loss 0.0247 | train acc 1.000 | val loss 1.5565 | val acc 0.685 | ‖g‖ 4.2672 | 466s
step  32700 | train loss 0.0969 | train acc 0.961 | val loss 1.4601 | val acc 0.715 | ‖g‖ 9.2004 | 468s
step  32800 | train loss 0.0304 | train acc 1.000 | val loss 1.6588 | val acc 0.713 | ‖g‖ 5.0037 | 469s
step  32900 | train loss 0.0297 | train acc 0.992 | val loss 1.5498 | val acc 0.692 | ‖g‖ 3.1540 | 470s
step  33000 | train loss 0.0674 | train acc 0.984 | val loss 1.3675 | val acc 0.725 | ‖g‖ 3.5921 | 472s
step  33100 | train loss 0.0341 | train acc 0.992 | val loss 1.6436 | val acc 0.696 | ‖g‖ 3.6336 | 473s
step  33200 | train loss 0.0755 | train acc 0.984 | val loss 1.3833 | val acc 0.700 | ‖g‖ 6.6971 | 475s
step  33300 | train loss 0.0146 | train acc 1.000 | val loss 1.5333 | val acc 0.717 | ‖g‖ 2.9316 | 476s
step  33400 | train loss 0.0334 | train acc 0.984 | val loss 1.4349 | val acc 0.698 | ‖g‖ 2.4431 | 478s
step  33500 | train loss 0.1016 | train acc 0.961 | val loss 1.8705 | val acc 0.677 | ‖g‖ 8.5263 | 479s
step  33600 | train loss 0.0536 | train acc 0.984 | val loss 1.2569 | val acc 0.733 | ‖g‖ 5.6414 | 481s
step  33700 | train loss 0.0212 | train acc 1.000 | val loss 1.5117 | val acc 0.723 | ‖g‖ 2.2126 | 483s
step  33800 | train loss 0.0800 | train acc 0.977 | val loss 1.4007 | val acc 0.719 | ‖g‖ 7.3158 | 484s
step  33900 | train loss 0.0717 | train acc 0.961 | val loss 1.5677 | val acc 0.723 | ‖g‖ 8.8178 | 486s
step  34000 | train loss 0.0686 | train acc 0.984 | val loss 1.5110 | val acc 0.700 | ‖g‖ 6.3027 | 487s
step  34100 | train loss 0.0379 | train acc 0.992 | val loss 1.6166 | val acc 0.694 | ‖g‖ 5.5471 | 489s
step  34200 | train loss 0.0592 | train acc 0.984 | val loss 1.7257 | val acc 0.708 | ‖g‖ 9.4910 | 491s
step  34300 | train loss 0.0740 | train acc 0.977 | val loss 1.3835 | val acc 0.719 | ‖g‖ 8.6314 | 492s
step  34400 | train loss 0.0782 | train acc 0.969 | val loss 1.4036 | val acc 0.719 | ‖g‖ 9.5618 | 494s
step  34500 | train loss 0.0843 | train acc 0.984 | val loss 1.7637 | val acc 0.690 | ‖g‖ 10.7007 | 496s
step  34600 | train loss 0.1228 | train acc 0.961 | val loss 1.4382 | val acc 0.723 | ‖g‖ 12.0196 | 497s
step  34700 | train loss 0.0600 | train acc 0.969 | val loss 1.5621 | val acc 0.710 | ‖g‖ 4.4444 | 499s
step  34800 | train loss 0.0896 | train acc 0.969 | val loss 1.6054 | val acc 0.706 | ‖g‖ 10.5852 | 500s
step  34900 | train loss 0.0661 | train acc 0.977 | val loss 1.4069 | val acc 0.700 | ‖g‖ 6.5396 | 501s
step  35000 | train loss 0.0412 | train acc 0.984 | val loss 1.5613 | val acc 0.698 | ‖g‖ 7.3969 | 503s
step  35100 | train loss 0.0393 | train acc 0.977 | val loss 1.5585 | val acc 0.688 | ‖g‖ 5.4506 | 505s
step  35200 | train loss 0.0354 | train acc 0.984 | val loss 1.5560 | val acc 0.708 | ‖g‖ 4.5310 | 506s
step  35300 | train loss 0.0880 | train acc 0.969 | val loss 1.4056 | val acc 0.683 | ‖g‖ 10.4606 | 508s
step  35400 | train loss 0.0247 | train acc 0.992 | val loss 1.6279 | val acc 0.713 | ‖g‖ 5.1411 | 510s
step  35500 | train loss 0.1829 | train acc 0.953 | val loss 1.4723 | val acc 0.700 | ‖g‖ 10.2171 | 511s
step  35600 | train loss 0.1112 | train acc 0.977 | val loss 1.5771 | val acc 0.700 | ‖g‖ 6.6762 | 513s
step  35700 | train loss 0.0662 | train acc 0.977 | val loss 1.5098 | val acc 0.700 | ‖g‖ 8.9511 | 514s
step  35800 | train loss 0.0635 | train acc 0.977 | val loss 1.5314 | val acc 0.688 | ‖g‖ 6.6559 | 516s
step  35900 | train loss 0.0467 | train acc 0.984 | val loss 1.4917 | val acc 0.700 | ‖g‖ 7.2873 | 517s
step  36000 | train loss 0.0135 | train acc 1.000 | val loss 1.6806 | val acc 0.708 | ‖g‖ 1.1872 | 518s
step  36100 | train loss 0.0749 | train acc 0.977 | val loss 1.4994 | val acc 0.692 | ‖g‖ 6.9090 | 520s
step  36200 | train loss 0.0201 | train acc 1.000 | val loss 1.5297 | val acc 0.704 | ‖g‖ 1.8150 | 521s
step  36300 | train loss 0.0846 | train acc 0.945 | val loss 1.5624 | val acc 0.700 | ‖g‖ 7.9724 | 523s
step  36400 | train loss 0.0295 | train acc 1.000 | val loss 1.6200 | val acc 0.713 | ‖g‖ 5.1114 | 524s
step  36500 | train loss 0.0790 | train acc 0.969 | val loss 1.4931 | val acc 0.715 | ‖g‖ 6.6535 | 526s
step  36600 | train loss 0.0089 | train acc 1.000 | val loss 1.4860 | val acc 0.710 | ‖g‖ 0.7944 | 527s
step  36700 | train loss 0.0745 | train acc 0.969 | val loss 1.5882 | val acc 0.702 | ‖g‖ 11.4257 | 529s
step  36800 | train loss 0.0756 | train acc 0.992 | val loss 1.5844 | val acc 0.719 | ‖g‖ 6.1373 | 530s
step  36900 | train loss 0.0536 | train acc 0.977 | val loss 1.5794 | val acc 0.710 | ‖g‖ 6.4506 | 532s
step  37000 | train loss 0.0635 | train acc 0.984 | val loss 1.5657 | val acc 0.685 | ‖g‖ 5.7583 | 533s
step  37100 | train loss 0.0103 | train acc 1.000 | val loss 1.5071 | val acc 0.688 | ‖g‖ 1.3650 | 535s
step  37200 | train loss 0.1087 | train acc 0.977 | val loss 1.4430 | val acc 0.725 | ‖g‖ 11.3581 | 536s
step  37300 | train loss 0.0368 | train acc 0.984 | val loss 1.7746 | val acc 0.708 | ‖g‖ 6.2257 | 538s
step  37400 | train loss 0.0751 | train acc 0.977 | val loss 1.3692 | val acc 0.708 | ‖g‖ 9.7246 | 539s
step  37500 | train loss 0.0645 | train acc 0.984 | val loss 1.6078 | val acc 0.692 | ‖g‖ 6.3324 | 541s
step  37600 | train loss 0.0285 | train acc 1.000 | val loss 1.6142 | val acc 0.708 | ‖g‖ 3.1836 | 543s
step  37700 | train loss 0.0868 | train acc 0.961 | val loss 1.4547 | val acc 0.706 | ‖g‖ 8.8124 | 546s
step  37800 | train loss 0.0677 | train acc 0.984 | val loss 1.4312 | val acc 0.700 | ‖g‖ 7.2487 | 547s
step  37900 | train loss 0.0370 | train acc 0.977 | val loss 1.4161 | val acc 0.708 | ‖g‖ 4.3399 | 549s
step  38000 | train loss 0.0929 | train acc 0.977 | val loss 1.4997 | val acc 0.715 | ‖g‖ 9.9017 | 550s
step  38100 | train loss 0.0516 | train acc 0.992 | val loss 1.5216 | val acc 0.710 | ‖g‖ 6.2763 | 552s
step  38200 | train loss 0.0676 | train acc 0.984 | val loss 1.5414 | val acc 0.715 | ‖g‖ 6.1590 | 553s
step  38300 | train loss 0.0538 | train acc 0.984 | val loss 1.5349 | val acc 0.704 | ‖g‖ 9.0962 | 554s
step  38400 | train loss 0.0883 | train acc 0.961 | val loss 1.5138 | val acc 0.692 | ‖g‖ 12.5072 | 556s
step  38500 | train loss 0.0284 | train acc 0.992 | val loss 1.6189 | val acc 0.708 | ‖g‖ 2.9141 | 557s
step  38600 | train loss 0.2290 | train acc 0.922 | val loss 1.3320 | val acc 0.704 | ‖g‖ 11.1081 | 559s
step  38700 | train loss 0.0818 | train acc 0.977 | val loss 1.4056 | val acc 0.710 | ‖g‖ 7.1299 | 560s
step  38800 | train loss 0.0180 | train acc 1.000 | val loss 1.5825 | val acc 0.713 | ‖g‖ 2.0362 | 562s
step  38900 | train loss 0.1226 | train acc 0.945 | val loss 1.4309 | val acc 0.685 | ‖g‖ 11.9698 | 564s
step  39000 | train loss 0.0199 | train acc 1.000 | val loss 1.5628 | val acc 0.744 | ‖g‖ 2.3599 | 566s
step  39100 | train loss 0.0280 | train acc 0.992 | val loss 1.6361 | val acc 0.675 | ‖g‖ 4.0890 | 567s
step  39200 | train loss 0.1566 | train acc 0.953 | val loss 1.4568 | val acc 0.702 | ‖g‖ 9.2692 | 569s
step  39300 | train loss 0.0497 | train acc 0.984 | val loss 1.3544 | val acc 0.702 | ‖g‖ 6.6103 | 571s
step  39400 | train loss 0.0936 | train acc 0.977 | val loss 1.5585 | val acc 0.715 | ‖g‖ 10.1293 | 573s
step  39500 | train loss 0.0456 | train acc 0.992 | val loss 1.5002 | val acc 0.696 | ‖g‖ 7.3376 | 575s
step  39600 | train loss 0.0512 | train acc 0.977 | val loss 1.3692 | val acc 0.710 | ‖g‖ 5.6195 | 577s
step  39700 | train loss 0.1881 | train acc 0.930 | val loss 1.6870 | val acc 0.696 | ‖g‖ 21.2191 | 579s
step  39800 | train loss 0.0577 | train acc 0.984 | val loss 1.4293 | val acc 0.692 | ‖g‖ 8.9128 | 580s
step  39900 | train loss 0.1100 | train acc 0.953 | val loss 1.5169 | val acc 0.708 | ‖g‖ 17.3326 | 582s
step  40000 | train loss 0.0245 | train acc 1.000 | val loss 1.4864 | val acc 0.704 | ‖g‖ 3.9418 | 583s
step  40100 | train loss 0.0312 | train acc 0.992 | val loss 1.5564 | val acc 0.694 | ‖g‖ 4.4701 | 584s
step  40200 | train loss 0.0223 | train acc 0.992 | val loss 1.5149 | val acc 0.713 | ‖g‖ 3.9396 | 586s
step  40300 | train loss 0.0450 | train acc 0.984 | val loss 1.5627 | val acc 0.708 | ‖g‖ 11.2654 | 588s
step  40400 | train loss 0.0637 | train acc 0.945 | val loss 1.5904 | val acc 0.700 | ‖g‖ 11.1629 | 590s
step  40500 | train loss 0.1550 | train acc 0.938 | val loss 1.5539 | val acc 0.719 | ‖g‖ 17.6070 | 591s
step  40600 | train loss 0.1306 | train acc 0.953 | val loss 1.4834 | val acc 0.681 | ‖g‖ 11.9798 | 593s
step  40700 | train loss 0.0435 | train acc 0.984 | val loss 1.6071 | val acc 0.708 | ‖g‖ 9.2830 | 595s
step  40800 | train loss 0.0046 | train acc 1.000 | val loss 1.6552 | val acc 0.704 | ‖g‖ 0.5184 | 596s
step  40900 | train loss 0.0072 | train acc 1.000 | val loss 1.7368 | val acc 0.710 | ‖g‖ 1.8239 | 598s
step  41000 | train loss 0.1979 | train acc 0.922 | val loss 1.0886 | val acc 0.704 | ‖g‖ 12.2465 | 599s
step  41100 | train loss 0.1526 | train acc 0.969 | val loss 1.2941 | val acc 0.731 | ‖g‖ 8.9149 | 601s
step  41200 | train loss 0.0561 | train acc 0.984 | val loss 1.3662 | val acc 0.715 | ‖g‖ 5.2162 | 603s
step  41300 | train loss 0.0713 | train acc 0.977 | val loss 1.5609 | val acc 0.698 | ‖g‖ 8.2465 | 605s
step  41400 | train loss 0.0547 | train acc 0.984 | val loss 1.6119 | val acc 0.704 | ‖g‖ 7.7730 | 607s
step  41500 | train loss 0.0667 | train acc 0.977 | val loss 1.3413 | val acc 0.713 | ‖g‖ 7.6528 | 609s
step  41600 | train loss 0.1257 | train acc 0.953 | val loss 1.2185 | val acc 0.727 | ‖g‖ 11.4280 | 611s
step  41700 | train loss 0.0547 | train acc 0.984 | val loss 1.6602 | val acc 0.727 | ‖g‖ 7.2568 | 613s
step  41800 | train loss 0.0974 | train acc 0.961 | val loss 1.4194 | val acc 0.706 | ‖g‖ 14.1122 | 614s
step  41900 | train loss 0.0464 | train acc 0.992 | val loss 1.6102 | val acc 0.723 | ‖g‖ 3.6599 | 616s
step  42000 | train loss 0.0280 | train acc 0.992 | val loss 1.4926 | val acc 0.717 | ‖g‖ 4.4381 | 618s
step  42100 | train loss 0.0829 | train acc 0.961 | val loss 1.5017 | val acc 0.719 | ‖g‖ 7.5812 | 619s
step  42200 | train loss 0.0619 | train acc 0.984 | val loss 1.4902 | val acc 0.694 | ‖g‖ 5.9255 | 621s
step  42300 | train loss 0.0225 | train acc 0.992 | val loss 1.5396 | val acc 0.717 | ‖g‖ 2.5028 | 622s
step  42400 | train loss 0.2534 | train acc 0.922 | val loss 1.3937 | val acc 0.706 | ‖g‖ 15.1076 | 624s
step  42500 | train loss 0.0292 | train acc 1.000 | val loss 1.4373 | val acc 0.706 | ‖g‖ 3.2968 | 625s
step  42600 | train loss 0.0613 | train acc 0.977 | val loss 1.5623 | val acc 0.700 | ‖g‖ 5.6808 | 627s
step  42700 | train loss 0.0656 | train acc 0.977 | val loss 1.5821 | val acc 0.704 | ‖g‖ 10.4024 | 629s
step  42800 | train loss 0.1205 | train acc 0.938 | val loss 1.3137 | val acc 0.715 | ‖g‖ 8.9254 | 630s
step  42900 | train loss 0.0118 | train acc 1.000 | val loss 1.6494 | val acc 0.708 | ‖g‖ 1.2553 | 632s
step  43000 | train loss 0.1403 | train acc 0.961 | val loss 1.4328 | val acc 0.700 | ‖g‖ 10.9812 | 634s
step  43100 | train loss 0.0814 | train acc 0.969 | val loss 1.6087 | val acc 0.727 | ‖g‖ 12.2932 | 635s
step  43200 | train loss 0.0160 | train acc 1.000 | val loss 1.4254 | val acc 0.727 | ‖g‖ 1.4519 | 637s
step  43300 | train loss 0.0400 | train acc 0.992 | val loss 1.6718 | val acc 0.729 | ‖g‖ 4.5468 | 639s
step  43400 | train loss 0.0722 | train acc 0.977 | val loss 1.4130 | val acc 0.727 | ‖g‖ 9.1402 | 640s
step  43500 | train loss 0.0343 | train acc 0.984 | val loss 1.5058 | val acc 0.694 | ‖g‖ 4.2457 | 642s
step  43600 | train loss 0.0953 | train acc 0.992 | val loss 1.6525 | val acc 0.700 | ‖g‖ 5.7036 | 644s
step  43700 | train loss 0.1435 | train acc 0.977 | val loss 1.5192 | val acc 0.692 | ‖g‖ 17.3997 | 645s
step  43800 | train loss 0.0310 | train acc 0.992 | val loss 1.5286 | val acc 0.715 | ‖g‖ 6.7377 | 647s
step  43900 | train loss 0.0895 | train acc 0.961 | val loss 1.5232 | val acc 0.719 | ‖g‖ 7.9393 | 648s
step  44000 | train loss 0.0992 | train acc 0.969 | val loss 1.4709 | val acc 0.704 | ‖g‖ 12.3994 | 649s
step  44100 | train loss 0.0465 | train acc 0.992 | val loss 1.3557 | val acc 0.704 | ‖g‖ 7.0856 | 651s
step  44200 | train loss 0.0391 | train acc 0.992 | val loss 1.4805 | val acc 0.702 | ‖g‖ 3.9683 | 652s
step  44300 | train loss 0.1138 | train acc 0.977 | val loss 1.5783 | val acc 0.710 | ‖g‖ 7.9371 | 654s
step  44400 | train loss 0.0392 | train acc 0.984 | val loss 1.7914 | val acc 0.702 | ‖g‖ 9.2542 | 655s
step  44500 | train loss 0.2057 | train acc 0.938 | val loss 1.6591 | val acc 0.708 | ‖g‖ 16.6241 | 657s
step  44600 | train loss 0.0841 | train acc 0.953 | val loss 1.4274 | val acc 0.698 | ‖g‖ 9.9775 | 658s
step  44700 | train loss 0.0624 | train acc 0.984 | val loss 1.4382 | val acc 0.690 | ‖g‖ 6.5048 | 660s
step  44800 | train loss 0.0555 | train acc 0.977 | val loss 1.6741 | val acc 0.708 | ‖g‖ 10.7888 | 662s
step  44900 | train loss 0.1208 | train acc 0.961 | val loss 1.3894 | val acc 0.704 | ‖g‖ 12.0480 | 663s
step  45000 | train loss 0.0189 | train acc 1.000 | val loss 1.6042 | val acc 0.715 | ‖g‖ 2.4255 | 665s
step  45100 | train loss 0.0766 | train acc 0.984 | val loss 1.5343 | val acc 0.698 | ‖g‖ 7.2989 | 667s
step  45200 | train loss 0.0124 | train acc 1.000 | val loss 1.5682 | val acc 0.721 | ‖g‖ 1.4746 | 668s
step  45300 | train loss 0.1008 | train acc 0.961 | val loss 1.5771 | val acc 0.713 | ‖g‖ 12.0829 | 670s
step  45400 | train loss 0.0984 | train acc 0.961 | val loss 1.4744 | val acc 0.698 | ‖g‖ 7.3486 | 671s
step  45500 | train loss 0.0736 | train acc 0.953 | val loss 1.5268 | val acc 0.702 | ‖g‖ 7.4815 | 673s
step  45600 | train loss 0.0271 | train acc 1.000 | val loss 1.6148 | val acc 0.698 | ‖g‖ 3.7990 | 674s
step  45700 | train loss 0.0739 | train acc 0.953 | val loss 1.5188 | val acc 0.700 | ‖g‖ 9.1065 | 676s
step  45800 | train loss 0.0855 | train acc 0.969 | val loss 1.5313 | val acc 0.710 | ‖g‖ 7.8755 | 678s
step  45900 | train loss 0.0641 | train acc 0.984 | val loss 1.4656 | val acc 0.698 | ‖g‖ 6.5723 | 679s
step  46000 | train loss 0.0173 | train acc 0.992 | val loss 1.5425 | val acc 0.713 | ‖g‖ 5.1176 | 681s
step  46100 | train loss 0.0076 | train acc 1.000 | val loss 1.6638 | val acc 0.725 | ‖g‖ 2.9411 | 682s
step  46200 | train loss 0.0096 | train acc 1.000 | val loss 1.7687 | val acc 0.715 | ‖g‖ 1.6621 | 684s
step  46300 | train loss 0.1508 | train acc 0.961 | val loss 1.2679 | val acc 0.688 | ‖g‖ 8.6910 | 686s
step  46400 | train loss 0.1072 | train acc 0.953 | val loss 1.5709 | val acc 0.679 | ‖g‖ 13.4529 | 687s
step  46500 | train loss 0.0609 | train acc 0.977 | val loss 1.4109 | val acc 0.721 | ‖g‖ 6.1753 | 689s
step  46600 | train loss 0.0732 | train acc 0.977 | val loss 1.3138 | val acc 0.738 | ‖g‖ 6.7465 | 691s
step  46700 | train loss 0.0500 | train acc 0.992 | val loss 1.5373 | val acc 0.710 | ‖g‖ 4.3435 | 692s
step  46800 | train loss 0.0602 | train acc 0.984 | val loss 1.3643 | val acc 0.710 | ‖g‖ 7.1518 | 694s
step  46900 | train loss 0.1352 | train acc 0.930 | val loss 1.5513 | val acc 0.723 | ‖g‖ 21.9428 | 696s
step  47000 | train loss 0.0875 | train acc 0.969 | val loss 1.3920 | val acc 0.696 | ‖g‖ 6.9477 | 697s
step  47100 | train loss 0.0928 | train acc 0.969 | val loss 1.5061 | val acc 0.710 | ‖g‖ 9.0303 | 699s
step  47200 | train loss 0.0833 | train acc 0.961 | val loss 1.5158 | val acc 0.719 | ‖g‖ 10.6686 | 700s
step  47300 | train loss 0.0476 | train acc 0.984 | val loss 1.5165 | val acc 0.725 | ‖g‖ 5.7551 | 702s
step  47400 | train loss 0.1042 | train acc 0.969 | val loss 1.3863 | val acc 0.710 | ‖g‖ 8.5867 | 704s
step  47500 | train loss 0.0682 | train acc 0.961 | val loss 1.6705 | val acc 0.731 | ‖g‖ 7.7661 | 705s
step  47600 | train loss 0.0482 | train acc 0.992 | val loss 1.5056 | val acc 0.702 | ‖g‖ 4.1602 | 707s
step  47700 | train loss 0.0152 | train acc 1.000 | val loss 1.6486 | val acc 0.725 | ‖g‖ 3.1458 | 708s
step  47800 | train loss 0.0066 | train acc 1.000 | val loss 1.6699 | val acc 0.713 | ‖g‖ 0.9585 | 710s
step  47900 | train loss 0.0262 | train acc 0.992 | val loss 1.7673 | val acc 0.696 | ‖g‖ 6.5808 | 711s
step  48000 | train loss 0.2061 | train acc 0.930 | val loss 1.3523 | val acc 0.704 | ‖g‖ 18.8549 | 713s
step  48100 | train loss 0.0196 | train acc 0.992 | val loss 1.5312 | val acc 0.746 | ‖g‖ 3.7783 | 714s
step  48200 | train loss 0.1374 | train acc 0.945 | val loss 1.2938 | val acc 0.692 | ‖g‖ 12.4273 | 716s
step  48300 | train loss 0.0404 | train acc 0.992 | val loss 1.4365 | val acc 0.710 | ‖g‖ 5.3515 | 717s
step  48400 | train loss 0.2595 | train acc 0.922 | val loss 1.6563 | val acc 0.721 | ‖g‖ 20.3914 | 719s
step  48500 | train loss 0.1074 | train acc 0.977 | val loss 1.3723 | val acc 0.698 | ‖g‖ 8.9358 | 720s
step  48600 | train loss 0.0298 | train acc 1.000 | val loss 1.5906 | val acc 0.733 | ‖g‖ 3.9255 | 722s
step  48700 | train loss 0.0790 | train acc 0.969 | val loss 1.4464 | val acc 0.738 | ‖g‖ 10.3414 | 723s
step  48800 | train loss 0.0560 | train acc 0.984 | val loss 1.4306 | val acc 0.721 | ‖g‖ 11.9219 | 725s
step  48900 | train loss 0.1236 | train acc 0.969 | val loss 1.3684 | val acc 0.708 | ‖g‖ 10.5996 | 727s
step  49000 | train loss 0.0616 | train acc 0.969 | val loss 1.7821 | val acc 0.717 | ‖g‖ 11.9497 | 728s
step  49100 | train loss 0.0339 | train acc 0.984 | val loss 1.3021 | val acc 0.729 | ‖g‖ 4.3234 | 730s
step  49200 | train loss 0.0138 | train acc 1.000 | val loss 1.6201 | val acc 0.721 | ‖g‖ 2.1542 | 731s
step  49300 | train loss 0.0096 | train acc 1.000 | val loss 1.6260 | val acc 0.698 | ‖g‖ 2.6060 | 733s
step  49400 | train loss 0.2057 | train acc 0.953 | val loss 1.3506 | val acc 0.704 | ‖g‖ 19.0584 | 734s
step  49500 | train loss 0.0552 | train acc 0.977 | val loss 1.4983 | val acc 0.725 | ‖g‖ 7.2825 | 736s
step  49600 | train loss 0.0980 | train acc 0.961 | val loss 1.4959 | val acc 0.696 | ‖g‖ 8.3153 | 738s
step  49700 | train loss 0.0242 | train acc 0.992 | val loss 1.6052 | val acc 0.713 | ‖g‖ 4.6641 | 739s
step  49800 | train loss 0.1520 | train acc 0.953 | val loss 1.6089 | val acc 0.708 | ‖g‖ 14.8336 | 741s
step  49900 | train loss 0.1234 | train acc 0.945 | val loss 1.3831 | val acc 0.698 | ‖g‖ 9.7561 | 743s
step  50000 | train loss 0.1028 | train acc 0.977 | val loss 1.5719 | val acc 0.702 | ‖g‖ 8.5349 | 744s
step  50100 | train loss 0.0657 | train acc 0.969 | val loss 1.6157 | val acc 0.719 | ‖g‖ 11.3869 | 746s
step  50200 | train loss 0.0537 | train acc 0.992 | val loss 1.4505 | val acc 0.723 | ‖g‖ 4.5198 | 748s
step  50300 | train loss 0.0407 | train acc 0.992 | val loss 1.6224 | val acc 0.710 | ‖g‖ 4.4819 | 749s
step  50400 | train loss 0.0477 | train acc 0.992 | val loss 1.4610 | val acc 0.715 | ‖g‖ 5.3075 | 751s
step  50500 | train loss 0.0346 | train acc 0.984 | val loss 1.4661 | val acc 0.733 | ‖g‖ 4.9823 | 753s
step  50600 | train loss 0.1014 | train acc 0.961 | val loss 1.3618 | val acc 0.698 | ‖g‖ 8.4378 | 755s
step  50700 | train loss 0.0324 | train acc 0.992 | val loss 1.4283 | val acc 0.727 | ‖g‖ 3.7703 | 756s
step  50800 | train loss 0.1245 | train acc 0.969 | val loss 1.6498 | val acc 0.683 | ‖g‖ 9.1881 | 758s
step  50900 | train loss 0.0265 | train acc 1.000 | val loss 1.6926 | val acc 0.719 | ‖g‖ 3.4039 | 759s
step  51000 | train loss 0.0893 | train acc 0.953 | val loss 1.4582 | val acc 0.717 | ‖g‖ 9.7460 | 761s
step  51100 | train loss 0.0624 | train acc 0.977 | val loss 1.5372 | val acc 0.698 | ‖g‖ 7.8730 | 763s
step  51200 | train loss 0.0302 | train acc 0.984 | val loss 1.7171 | val acc 0.729 | ‖g‖ 5.9591 | 764s
step  51300 | train loss 0.1128 | train acc 0.961 | val loss 1.4873 | val acc 0.702 | ‖g‖ 7.1588 | 766s
step  51400 | train loss 0.0391 | train acc 0.992 | val loss 1.5261 | val acc 0.717 | ‖g‖ 5.6764 | 768s
step  51500 | train loss 0.0961 | train acc 0.977 | val loss 1.4425 | val acc 0.721 | ‖g‖ 7.2466 | 769s
step  51600 | train loss 0.0549 | train acc 0.984 | val loss 1.4516 | val acc 0.721 | ‖g‖ 6.5525 | 771s
step  51700 | train loss 0.0072 | train acc 1.000 | val loss 1.5782 | val acc 0.727 | ‖g‖ 0.8327 | 772s
step  51800 | train loss 0.0434 | train acc 0.984 | val loss 1.5920 | val acc 0.708 | ‖g‖ 9.9866 | 773s
step  51900 | train loss 0.0928 | train acc 0.953 | val loss 1.2979 | val acc 0.715 | ‖g‖ 8.8643 | 775s
step  52000 | train loss 0.0456 | train acc 0.984 | val loss 1.5328 | val acc 0.717 | ‖g‖ 5.1671 | 776s
step  52100 | train loss 0.0507 | train acc 0.984 | val loss 1.3836 | val acc 0.708 | ‖g‖ 6.1453 | 778s
step  52200 | train loss 0.0620 | train acc 0.977 | val loss 1.6228 | val acc 0.710 | ‖g‖ 8.2002 | 779s
step  52300 | train loss 0.0551 | train acc 0.977 | val loss 1.4940 | val acc 0.719 | ‖g‖ 6.2114 | 780s
step  52400 | train loss 0.0171 | train acc 1.000 | val loss 1.5600 | val acc 0.729 | ‖g‖ 1.5429 | 782s
step  52500 | train loss 0.0870 | train acc 0.969 | val loss 1.5959 | val acc 0.729 | ‖g‖ 9.5349 | 783s
step  52600 | train loss 0.0784 | train acc 0.977 | val loss 1.5728 | val acc 0.706 | ‖g‖ 11.0365 | 785s
step  52700 | train loss 0.1676 | train acc 0.930 | val loss 1.5225 | val acc 0.717 | ‖g‖ 17.1380 | 786s
step  52800 | train loss 0.0389 | train acc 0.984 | val loss 1.3539 | val acc 0.733 | ‖g‖ 4.9248 | 787s
step  52900 | train loss 0.0216 | train acc 0.992 | val loss 1.6336 | val acc 0.731 | ‖g‖ 3.9265 | 789s
step  53000 | train loss 0.0758 | train acc 0.977 | val loss 1.4570 | val acc 0.679 | ‖g‖ 6.9206 | 790s
step  53100 | train loss 0.0720 | train acc 0.977 | val loss 1.4325 | val acc 0.721 | ‖g‖ 8.3072 | 792s
step  53200 | train loss 0.0173 | train acc 1.000 | val loss 1.5432 | val acc 0.731 | ‖g‖ 2.7207 | 793s
step  53300 | train loss 0.0659 | train acc 0.969 | val loss 1.5633 | val acc 0.704 | ‖g‖ 9.8622 | 795s
step  53400 | train loss 0.0497 | train acc 0.984 | val loss 1.2961 | val acc 0.731 | ‖g‖ 6.7061 | 797s
step  53500 | train loss 0.0308 | train acc 0.992 | val loss 1.6073 | val acc 0.727 | ‖g‖ 3.3382 | 798s
step  53600 | train loss 0.0869 | train acc 0.977 | val loss 1.4101 | val acc 0.744 | ‖g‖ 9.5396 | 800s
step  53700 | train loss 0.0323 | train acc 0.992 | val loss 1.6188 | val acc 0.717 | ‖g‖ 4.6731 | 801s
step  53800 | train loss 0.0560 | train acc 0.984 | val loss 1.2443 | val acc 0.742 | ‖g‖ 3.5257 | 802s
step  53900 | train loss 0.0256 | train acc 0.992 | val loss 1.4752 | val acc 0.733 | ‖g‖ 3.5133 | 804s
step  54000 | train loss 0.0188 | train acc 1.000 | val loss 1.6435 | val acc 0.719 | ‖g‖ 2.7678 | 805s
step  54100 | train loss 0.1049 | train acc 0.953 | val loss 1.4775 | val acc 0.690 | ‖g‖ 9.9945 | 807s
step  54200 | train loss 0.0535 | train acc 0.969 | val loss 1.4517 | val acc 0.713 | ‖g‖ 7.1382 | 808s
step  54300 | train loss 0.0425 | train acc 0.977 | val loss 1.5285 | val acc 0.704 | ‖g‖ 4.6096 | 810s
step  54400 | train loss 0.0296 | train acc 1.000 | val loss 1.5715 | val acc 0.708 | ‖g‖ 3.9990 | 811s
step  54500 | train loss 0.0452 | train acc 0.992 | val loss 1.5914 | val acc 0.708 | ‖g‖ 6.4279 | 813s
step  54600 | train loss 0.0549 | train acc 0.969 | val loss 1.6565 | val acc 0.721 | ‖g‖ 6.8194 | 814s
step  54700 | train loss 0.1028 | train acc 0.938 | val loss 1.4396 | val acc 0.708 | ‖g‖ 9.4967 | 816s
step  54800 | train loss 0.0586 | train acc 0.984 | val loss 1.4394 | val acc 0.727 | ‖g‖ 6.1480 | 818s
step  54900 | train loss 0.0295 | train acc 1.000 | val loss 1.3934 | val acc 0.738 | ‖g‖ 4.5744 | 820s
step  55000 | train loss 0.0499 | train acc 1.000 | val loss 1.6053 | val acc 0.704 | ‖g‖ 7.3843 | 822s
step  55100 | train loss 0.0753 | train acc 0.969 | val loss 1.4472 | val acc 0.723 | ‖g‖ 7.4723 | 824s
step  55200 | train loss 0.0774 | train acc 0.977 | val loss 1.6446 | val acc 0.698 | ‖g‖ 9.0170 | 826s
step  55300 | train loss 0.0148 | train acc 1.000 | val loss 1.4543 | val acc 0.727 | ‖g‖ 1.8144 | 828s
step  55400 | train loss 0.0705 | train acc 0.977 | val loss 1.3439 | val acc 0.708 | ‖g‖ 9.2422 | 830s
step  55500 | train loss 0.0478 | train acc 0.984 | val loss 1.4356 | val acc 0.719 | ‖g‖ 8.6606 | 831s
step  55600 | train loss 0.0165 | train acc 1.000 | val loss 1.6322 | val acc 0.704 | ‖g‖ 1.7115 | 833s
step  55700 | train loss 0.0284 | train acc 0.992 | val loss 1.4793 | val acc 0.733 | ‖g‖ 4.4936 | 836s
step  55800 | train loss 0.0708 | train acc 0.969 | val loss 1.3565 | val acc 0.704 | ‖g‖ 8.6237 | 838s
step  55900 | train loss 0.0979 | train acc 0.977 | val loss 1.6146 | val acc 0.723 | ‖g‖ 8.7080 | 839s
step  56000 | train loss 0.0748 | train acc 0.969 | val loss 1.4239 | val acc 0.710 | ‖g‖ 7.3228 | 841s
step  56100 | train loss 0.0224 | train acc 0.992 | val loss 1.6365 | val acc 0.723 | ‖g‖ 3.0959 | 843s
step  56200 | train loss 0.1209 | train acc 0.961 | val loss 1.3588 | val acc 0.702 | ‖g‖ 11.8930 | 845s
step  56300 | train loss 0.0438 | train acc 0.992 | val loss 1.5236 | val acc 0.708 | ‖g‖ 6.6781 | 847s
step  56400 | train loss 0.0754 | train acc 0.977 | val loss 1.3796 | val acc 0.713 | ‖g‖ 8.4234 | 848s
step  56500 | train loss 0.0514 | train acc 0.992 | val loss 1.4528 | val acc 0.690 | ‖g‖ 5.6838 | 851s
step  56600 | train loss 0.0597 | train acc 0.984 | val loss 1.5675 | val acc 0.700 | ‖g‖ 7.3440 | 852s
step  56700 | train loss 0.1746 | train acc 0.945 | val loss 1.4782 | val acc 0.690 | ‖g‖ 13.2566 | 855s
step  56800 | train loss 0.0112 | train acc 1.000 | val loss 1.6692 | val acc 0.721 | ‖g‖ 2.0390 | 857s
step  56900 | train loss 0.1588 | train acc 0.961 | val loss 1.3530 | val acc 0.696 | ‖g‖ 12.6784 | 858s
step  57000 | train loss 0.0344 | train acc 0.992 | val loss 1.5205 | val acc 0.704 | ‖g‖ 5.1056 | 860s
step  57100 | train loss 0.1047 | train acc 0.961 | val loss 1.4695 | val acc 0.715 | ‖g‖ 11.0924 | 861s
step  57200 | train loss 0.0265 | train acc 0.992 | val loss 1.5637 | val acc 0.713 | ‖g‖ 7.0365 | 863s
step  57300 | train loss 0.1462 | train acc 0.938 | val loss 1.4026 | val acc 0.710 | ‖g‖ 13.3590 | 865s
step  57400 | train loss 0.1105 | train acc 0.953 | val loss 1.3266 | val acc 0.721 | ‖g‖ 8.8538 | 866s
step  57500 | train loss 0.0332 | train acc 0.992 | val loss 1.4267 | val acc 0.708 | ‖g‖ 3.2859 | 868s
step  57600 | train loss 0.0115 | train acc 1.000 | val loss 1.6017 | val acc 0.717 | ‖g‖ 4.5555 | 870s
step  57700 | train loss 0.0057 | train acc 1.000 | val loss 1.6574 | val acc 0.725 | ‖g‖ 0.7914 | 871s
step  57800 | train loss 0.0051 | train acc 1.000 | val loss 1.6762 | val acc 0.710 | ‖g‖ 0.7578 | 873s
step  57900 | train loss 0.2605 | train acc 0.914 | val loss 1.2294 | val acc 0.696 | ‖g‖ 8.0146 | 874s
step  58000 | train loss 0.1092 | train acc 0.953 | val loss 1.2247 | val acc 0.742 | ‖g‖ 8.6175 | 876s
step  58100 | train loss 0.1639 | train acc 0.945 | val loss 1.3825 | val acc 0.694 | ‖g‖ 12.7969 | 878s
step  58200 | train loss 0.0418 | train acc 0.984 | val loss 1.3633 | val acc 0.725 | ‖g‖ 4.5425 | 880s
step  58300 | train loss 0.0786 | train acc 0.977 | val loss 1.4655 | val acc 0.698 | ‖g‖ 9.6556 | 881s
step  58400 | train loss 0.0553 | train acc 0.977 | val loss 1.4592 | val acc 0.706 | ‖g‖ 8.1296 | 883s
step  58500 | train loss 0.0397 | train acc 0.992 | val loss 1.4644 | val acc 0.738 | ‖g‖ 5.7734 | 884s
step  58600 | train loss 0.0852 | train acc 0.977 | val loss 1.4649 | val acc 0.698 | ‖g‖ 9.4502 | 887s
step  58700 | train loss 0.0124 | train acc 1.000 | val loss 1.4437 | val acc 0.721 | ‖g‖ 1.3122 | 888s
step  58800 | train loss 0.1439 | train acc 0.945 | val loss 1.4954 | val acc 0.713 | ‖g‖ 19.8986 | 890s
step  58900 | train loss 0.0178 | train acc 0.992 | val loss 1.4668 | val acc 0.738 | ‖g‖ 4.0713 | 891s
step  59000 | train loss 0.0766 | train acc 0.984 | val loss 1.5204 | val acc 0.710 | ‖g‖ 6.7774 | 895s
step  59100 | train loss 0.0887 | train acc 0.953 | val loss 1.1321 | val acc 0.738 | ‖g‖ 7.0566 | 898s
step  59200 | train loss 0.0371 | train acc 0.984 | val loss 1.3374 | val acc 0.735 | ‖g‖ 4.3262 | 900s
step  59300 | train loss 0.0398 | train acc 0.992 | val loss 1.5011 | val acc 0.708 | ‖g‖ 5.1120 | 901s
step  59400 | train loss 0.0837 | train acc 0.977 | val loss 1.2948 | val acc 0.733 | ‖g‖ 7.7216 | 903s
step  59500 | train loss 0.0232 | train acc 0.992 | val loss 1.6041 | val acc 0.706 | ‖g‖ 2.6112 | 905s
step  59600 | train loss 0.0422 | train acc 0.992 | val loss 1.4344 | val acc 0.723 | ‖g‖ 6.0524 | 906s
step  59700 | train loss 0.0815 | train acc 0.961 | val loss 1.3948 | val acc 0.713 | ‖g‖ 9.2711 | 908s
step  59800 | train loss 0.0320 | train acc 0.992 | val loss 1.4848 | val acc 0.715 | ‖g‖ 6.9667 | 910s
step  59900 | train loss 0.1167 | train acc 0.969 | val loss 1.5480 | val acc 0.721 | ‖g‖ 15.5057 | 912s
step  60000 | train loss 0.0322 | train acc 0.992 | val loss 1.5252 | val acc 0.713 | ‖g‖ 4.3370 | 913s
step  60100 | train loss 0.0293 | train acc 1.000 | val loss 1.4619 | val acc 0.744 | ‖g‖ 3.5337 | 915s
step  60200 | train loss 0.0459 | train acc 0.977 | val loss 1.3759 | val acc 0.731 | ‖g‖ 5.2466 | 916s
step  60300 | train loss 0.0417 | train acc 0.984 | val loss 1.5622 | val acc 0.713 | ‖g‖ 6.7161 | 918s
step  60400 | train loss 0.0661 | train acc 0.984 | val loss 1.3733 | val acc 0.725 | ‖g‖ 6.5871 | 920s
step  60500 | train loss 0.0354 | train acc 0.992 | val loss 1.4764 | val acc 0.731 | ‖g‖ 5.1432 | 922s
step  60600 | train loss 0.0513 | train acc 0.992 | val loss 1.4601 | val acc 0.729 | ‖g‖ 6.2006 | 923s
step  60700 | train loss 0.0928 | train acc 0.969 | val loss 1.5456 | val acc 0.721 | ‖g‖ 9.0719 | 925s
step  60800 | train loss 0.0916 | train acc 0.969 | val loss 1.6009 | val acc 0.719 | ‖g‖ 12.4664 | 927s
step  60900 | train loss 0.0322 | train acc 0.992 | val loss 1.5388 | val acc 0.704 | ‖g‖ 4.6233 | 928s
step  61000 | train loss 0.0129 | train acc 1.000 | val loss 1.5753 | val acc 0.725 | ‖g‖ 1.3355 | 930s
step  61100 | train loss 0.1045 | train acc 0.945 | val loss 1.4484 | val acc 0.719 | ‖g‖ 13.7221 | 932s
step  61200 | train loss 0.0763 | train acc 0.961 | val loss 1.4417 | val acc 0.731 | ‖g‖ 7.9680 | 934s
step  61300 | train loss 0.0250 | train acc 1.000 | val loss 1.3607 | val acc 0.706 | ‖g‖ 3.2070 | 935s
step  61400 | train loss 0.0239 | train acc 0.992 | val loss 1.4738 | val acc 0.729 | ‖g‖ 3.1724 | 937s
step  61500 | train loss 0.1098 | train acc 0.961 | val loss 1.3694 | val acc 0.713 | ‖g‖ 8.2888 | 939s
step  61600 | train loss 0.1109 | train acc 0.953 | val loss 1.3915 | val acc 0.708 | ‖g‖ 9.3180 | 940s
step  61700 | train loss 0.0198 | train acc 1.000 | val loss 1.4454 | val acc 0.729 | ‖g‖ 2.5272 | 942s
step  61800 | train loss 0.0865 | train acc 0.969 | val loss 1.3267 | val acc 0.715 | ‖g‖ 7.5442 | 943s
step  61900 | train loss 0.0060 | train acc 1.000 | val loss 1.4813 | val acc 0.731 | ‖g‖ 0.6853 | 945s
step  62000 | train loss 0.0063 | train acc 1.000 | val loss 1.5069 | val acc 0.731 | ‖g‖ 0.8418 | 947s
step  62100 | train loss 0.0062 | train acc 1.000 | val loss 1.5463 | val acc 0.731 | ‖g‖ 0.8433 | 949s
step  62200 | train loss 0.2069 | train acc 0.938 | val loss 1.3140 | val acc 0.698 | ‖g‖ 10.3534 | 951s
step  62300 | train loss 0.0561 | train acc 0.977 | val loss 1.3980 | val acc 0.698 | ‖g‖ 5.0569 | 952s
step  62400 | train loss 0.0894 | train acc 0.961 | val loss 1.3045 | val acc 0.740 | ‖g‖ 8.6321 | 954s
step  62500 | train loss 0.0409 | train acc 1.000 | val loss 1.4170 | val acc 0.729 | ‖g‖ 4.5272 | 955s
step  62600 | train loss 0.0803 | train acc 0.961 | val loss 1.3613 | val acc 0.715 | ‖g‖ 11.5849 | 957s
step  62700 | train loss 0.0431 | train acc 0.992 | val loss 1.2707 | val acc 0.742 | ‖g‖ 3.9869 | 958s
step  62800 | train loss 0.0490 | train acc 0.984 | val loss 1.5708 | val acc 0.733 | ‖g‖ 8.8649 | 960s
step  62900 | train loss 0.0408 | train acc 0.992 | val loss 1.4943 | val acc 0.700 | ‖g‖ 5.0843 | 961s
step  63000 | train loss 0.0145 | train acc 1.000 | val loss 1.6617 | val acc 0.729 | ‖g‖ 2.4763 | 963s
step  63100 | train loss 0.2224 | train acc 0.898 | val loss 1.3118 | val acc 0.706 | ‖g‖ 12.4795 | 965s
step  63200 | train loss 0.0454 | train acc 0.984 | val loss 1.4570 | val acc 0.708 | ‖g‖ 5.3883 | 966s
step  63300 | train loss 0.0366 | train acc 0.992 | val loss 1.4972 | val acc 0.731 | ‖g‖ 6.5546 | 968s
step  63400 | train loss 0.0396 | train acc 0.992 | val loss 1.4110 | val acc 0.727 | ‖g‖ 4.9914 | 970s
step  63500 | train loss 0.0283 | train acc 0.992 | val loss 1.4995 | val acc 0.733 | ‖g‖ 7.3024 | 971s
step  63600 | train loss 0.1151 | train acc 0.961 | val loss 1.3157 | val acc 0.704 | ‖g‖ 11.4719 | 972s
step  63700 | train loss 0.0445 | train acc 0.984 | val loss 1.3873 | val acc 0.735 | ‖g‖ 4.8211 | 974s
step  63800 | train loss 0.0077 | train acc 1.000 | val loss 1.5200 | val acc 0.706 | ‖g‖ 0.7914 | 975s
step  63900 | train loss 0.1718 | train acc 0.914 | val loss 1.4402 | val acc 0.698 | ‖g‖ 20.5423 | 977s
step  64000 | train loss 0.0507 | train acc 0.992 | val loss 1.2337 | val acc 0.744 | ‖g‖ 4.7162 | 978s
step  64100 | train loss 0.0600 | train acc 0.969 | val loss 1.3140 | val acc 0.748 | ‖g‖ 6.7995 | 979s
step  64200 | train loss 0.0760 | train acc 0.961 | val loss 1.3784 | val acc 0.721 | ‖g‖ 10.3078 | 981s
step  64300 | train loss 0.0831 | train acc 0.977 | val loss 1.2257 | val acc 0.742 | ‖g‖ 9.6474 | 982s
step  64400 | train loss 0.0396 | train acc 0.992 | val loss 1.3660 | val acc 0.725 | ‖g‖ 5.1166 | 984s
step  64500 | train loss 0.0606 | train acc 0.984 | val loss 1.4658 | val acc 0.725 | ‖g‖ 11.2457 | 985s
step  64600 | train loss 0.1074 | train acc 0.984 | val loss 1.3403 | val acc 0.746 | ‖g‖ 8.6801 | 987s
step  64700 | train loss 0.0463 | train acc 0.984 | val loss 1.4610 | val acc 0.735 | ‖g‖ 8.1066 | 988s
step  64800 | train loss 0.0463 | train acc 0.977 | val loss 1.3516 | val acc 0.750 | ‖g‖ 7.9875 | 989s
step  64900 | train loss 0.0682 | train acc 0.977 | val loss 1.4191 | val acc 0.721 | ‖g‖ 9.2740 | 991s
step  65000 | train loss 0.1047 | train acc 0.945 | val loss 1.2322 | val acc 0.733 | ‖g‖ 7.9337 | 992s
step  65100 | train loss 0.0329 | train acc 1.000 | val loss 1.3756 | val acc 0.742 | ‖g‖ 4.8530 | 994s
step  65200 | train loss 0.0145 | train acc 1.000 | val loss 1.4534 | val acc 0.740 | ‖g‖ 2.3795 | 995s
step  65300 | train loss 0.2141 | train acc 0.922 | val loss 1.1505 | val acc 0.729 | ‖g‖ 11.5791 | 997s
step  65400 | train loss 0.1237 | train acc 0.961 | val loss 1.2545 | val acc 0.717 | ‖g‖ 13.5012 | 998s
step  65500 | train loss 0.0327 | train acc 0.992 | val loss 1.3711 | val acc 0.738 | ‖g‖ 6.3574 | 1000s
step  65600 | train loss 0.0760 | train acc 0.977 | val loss 1.2748 | val acc 0.744 | ‖g‖ 7.0329 | 1002s
step  65700 | train loss 0.0253 | train acc 1.000 | val loss 1.3187 | val acc 0.729 | ‖g‖ 2.5658 | 1003s
step  65800 | train loss 0.0688 | train acc 0.969 | val loss 1.4576 | val acc 0.731 | ‖g‖ 8.2063 | 1005s
step  65900 | train loss 0.0525 | train acc 0.984 | val loss 1.4292 | val acc 0.731 | ‖g‖ 7.8778 | 1007s
step  66000 | train loss 0.0567 | train acc 0.984 | val loss 1.3210 | val acc 0.740 | ‖g‖ 7.5271 | 1008s
step  66100 | train loss 0.0335 | train acc 0.992 | val loss 1.3925 | val acc 0.713 | ‖g‖ 4.0960 | 1010s
step  66200 | train loss 0.0515 | train acc 0.992 | val loss 1.3411 | val acc 0.735 | ‖g‖ 4.4814 | 1012s
step  66300 | train loss 0.1350 | train acc 0.945 | val loss 1.2823 | val acc 0.727 | ‖g‖ 12.4276 | 1014s
step  66400 | train loss 0.0473 | train acc 0.977 | val loss 1.4542 | val acc 0.721 | ‖g‖ 5.9401 | 1015s
step  66500 | train loss 0.0247 | train acc 0.992 | val loss 1.2353 | val acc 0.727 | ‖g‖ 3.7207 | 1017s
step  66600 | train loss 0.0113 | train acc 1.000 | val loss 1.5362 | val acc 0.719 | ‖g‖ 1.7632 | 1018s
step  66700 | train loss 0.0599 | train acc 0.977 | val loss 1.2422 | val acc 0.706 | ‖g‖ 8.1274 | 1020s
step  66800 | train loss 0.0463 | train acc 0.992 | val loss 1.3982 | val acc 0.725 | ‖g‖ 4.5418 | 1021s
step  66900 | train loss 0.1373 | train acc 0.945 | val loss 1.2199 | val acc 0.715 | ‖g‖ 9.6385 | 1023s
step  67000 | train loss 0.1148 | train acc 0.969 | val loss 1.4570 | val acc 0.710 | ‖g‖ 17.4424 | 1024s
step  67100 | train loss 0.0689 | train acc 0.984 | val loss 1.2493 | val acc 0.733 | ‖g‖ 8.3208 | 1025s
step  67200 | train loss 0.0362 | train acc 1.000 | val loss 1.3387 | val acc 0.727 | ‖g‖ 4.8744 | 1027s
step  67300 | train loss 0.0543 | train acc 0.984 | val loss 1.2134 | val acc 0.750 | ‖g‖ 6.4212 | 1028s
step  67400 | train loss 0.0992 | train acc 0.953 | val loss 1.5940 | val acc 0.723 | ‖g‖ 13.1057 | 1030s
step  67500 | train loss 0.0383 | train acc 0.984 | val loss 1.4621 | val acc 0.708 | ‖g‖ 4.0293 | 1031s
step  67600 | train loss 0.0456 | train acc 0.984 | val loss 1.1214 | val acc 0.733 | ‖g‖ 6.4612 | 1033s
step  67700 | train loss 0.0910 | train acc 0.977 | val loss 1.2862 | val acc 0.719 | ‖g‖ 7.7054 | 1035s
step  67800 | train loss 0.0310 | train acc 0.984 | val loss 1.4090 | val acc 0.725 | ‖g‖ 5.9306 | 1037s
step  67900 | train loss 0.0367 | train acc 1.000 | val loss 1.1214 | val acc 0.752 | ‖g‖ 2.5515 | 1038s
step  68000 | train loss 0.0379 | train acc 0.984 | val loss 1.3171 | val acc 0.731 | ‖g‖ 5.8295 | 1040s
step  68100 | train loss 0.0158 | train acc 1.000 | val loss 1.2909 | val acc 0.748 | ‖g‖ 2.7234 | 1041s
step  68200 | train loss 0.1058 | train acc 0.961 | val loss 1.0003 | val acc 0.738 | ‖g‖ 6.1905 | 1043s
step  68300 | train loss 0.0332 | train acc 0.992 | val loss 1.3053 | val acc 0.750 | ‖g‖ 4.6150 | 1044s
step  68400 | train loss 0.1206 | train acc 0.953 | val loss 1.0967 | val acc 0.727 | ‖g‖ 10.9664 | 1045s
step  68500 | train loss 0.0353 | train acc 0.984 | val loss 1.3670 | val acc 0.729 | ‖g‖ 3.8824 | 1047s
step  68600 | train loss 0.0799 | train acc 0.977 | val loss 1.3874 | val acc 0.748 | ‖g‖ 8.9776 | 1048s
step  68700 | train loss 0.0451 | train acc 1.000 | val loss 1.4542 | val acc 0.727 | ‖g‖ 7.4743 | 1050s
step  68800 | train loss 0.0224 | train acc 1.000 | val loss 1.3828 | val acc 0.738 | ‖g‖ 3.9047 | 1051s
step  68900 | train loss 0.0804 | train acc 0.984 | val loss 1.4001 | val acc 0.729 | ‖g‖ 10.9614 | 1053s
step  69000 | train loss 0.0386 | train acc 0.977 | val loss 1.3533 | val acc 0.733 | ‖g‖ 4.6647 | 1054s
step  69100 | train loss 0.0763 | train acc 0.977 | val loss 1.4085 | val acc 0.717 | ‖g‖ 5.2466 | 1055s
step  69200 | train loss 0.0670 | train acc 0.992 | val loss 1.0742 | val acc 0.740 | ‖g‖ 4.6788 | 1057s
step  69300 | train loss 0.0223 | train acc 1.000 | val loss 1.3852 | val acc 0.750 | ‖g‖ 3.0875 | 1058s
step  69400 | train loss 0.0757 | train acc 0.969 | val loss 1.2108 | val acc 0.725 | ‖g‖ 7.0367 | 1060s
step  69500 | train loss 0.0292 | train acc 0.992 | val loss 1.2373 | val acc 0.740 | ‖g‖ 2.7120 | 1061s
step  69600 | train loss 0.1549 | train acc 0.961 | val loss 1.6119 | val acc 0.715 | ‖g‖ 12.5566 | 1062s
step  69700 | train loss 0.0953 | train acc 0.969 | val loss 1.2375 | val acc 0.740 | ‖g‖ 11.4045 | 1064s
step  69800 | train loss 0.1189 | train acc 0.961 | val loss 1.3103 | val acc 0.738 | ‖g‖ 11.7590 | 1065s
step  69900 | train loss 0.0887 | train acc 0.977 | val loss 1.2970 | val acc 0.735 | ‖g‖ 11.4152 | 1067s
step  70000 | train loss 0.0956 | train acc 0.953 | val loss 1.3873 | val acc 0.721 | ‖g‖ 9.5562 | 1068s
step  70100 | train loss 0.0535 | train acc 0.984 | val loss 1.4138 | val acc 0.723 | ‖g‖ 10.1531 | 1069s
step  70200 | train loss 0.0297 | train acc 0.992 | val loss 1.2603 | val acc 0.731 | ‖g‖ 2.9496 | 1071s
step  70300 | train loss 0.0236 | train acc 1.000 | val loss 1.2743 | val acc 0.723 | ‖g‖ 2.8462 | 1072s
step  70400 | train loss 0.0353 | train acc 0.984 | val loss 1.4411 | val acc 0.717 | ‖g‖ 2.9759 | 1073s
step  70500 | train loss 0.0546 | train acc 0.992 | val loss 1.2716 | val acc 0.738 | ‖g‖ 5.5622 | 1075s
step  70600 | train loss 0.0236 | train acc 1.000 | val loss 1.4947 | val acc 0.735 | ‖g‖ 4.1366 | 1076s
step  70700 | train loss 0.0087 | train acc 1.000 | val loss 1.4488 | val acc 0.744 | ‖g‖ 1.5385 | 1077s
step  70800 | train loss 0.2498 | train acc 0.914 | val loss 1.0410 | val acc 0.729 | ‖g‖ 16.2882 | 1079s
step  70900 | train loss 0.0725 | train acc 0.969 | val loss 1.1811 | val acc 0.744 | ‖g‖ 10.1822 | 1080s
step  71000 | train loss 0.0139 | train acc 1.000 | val loss 1.2428 | val acc 0.729 | ‖g‖ 1.5516 | 1081s
step  71100 | train loss 0.0311 | train acc 0.992 | val loss 1.3669 | val acc 0.754 | ‖g‖ 3.7477 | 1083s
step  71200 | train loss 0.0573 | train acc 1.000 | val loss 1.1632 | val acc 0.729 | ‖g‖ 5.3627 | 1084s
step  71300 | train loss 0.0618 | train acc 0.984 | val loss 1.1851 | val acc 0.746 | ‖g‖ 5.9143 | 1085s
step  71400 | train loss 0.0431 | train acc 0.984 | val loss 1.3345 | val acc 0.717 | ‖g‖ 7.6442 | 1087s
step  71500 | train loss 0.0307 | train acc 1.000 | val loss 1.2912 | val acc 0.738 | ‖g‖ 3.7190 | 1088s
step  71600 | train loss 0.0309 | train acc 0.984 | val loss 1.3521 | val acc 0.733 | ‖g‖ 6.8716 | 1089s
step  71700 | train loss 0.0466 | train acc 0.984 | val loss 1.1224 | val acc 0.729 | ‖g‖ 5.5949 | 1091s
step  71800 | train loss 0.0303 | train acc 1.000 | val loss 1.3015 | val acc 0.742 | ‖g‖ 4.6744 | 1092s
step  71900 | train loss 0.0743 | train acc 0.984 | val loss 1.2560 | val acc 0.725 | ‖g‖ 7.5696 | 1094s
step  72000 | train loss 0.0297 | train acc 0.984 | val loss 1.3887 | val acc 0.756 | ‖g‖ 5.3675 | 1095s
step  72100 | train loss 0.2048 | train acc 0.930 | val loss 1.2236 | val acc 0.719 | ‖g‖ 14.5194 | 1096s
step  72200 | train loss 0.0254 | train acc 0.992 | val loss 1.3957 | val acc 0.742 | ‖g‖ 4.6392 | 1098s
step  72300 | train loss 0.0463 | train acc 0.992 | val loss 1.4228 | val acc 0.729 | ‖g‖ 7.2639 | 1099s
step  72400 | train loss 0.0605 | train acc 0.984 | val loss 1.2350 | val acc 0.742 | ‖g‖ 14.8611 | 1100s
step  72500 | train loss 0.0491 | train acc 0.984 | val loss 1.2319 | val acc 0.746 | ‖g‖ 5.1624 | 1102s
step  72600 | train loss 0.0657 | train acc 0.977 | val loss 1.2720 | val acc 0.725 | ‖g‖ 5.9001 | 1103s
step  72700 | train loss 0.0228 | train acc 0.992 | val loss 1.3446 | val acc 0.752 | ‖g‖ 4.9249 | 1105s
step  72800 | train loss 0.0418 | train acc 0.992 | val loss 1.5164 | val acc 0.723 | ‖g‖ 4.1581 | 1106s
step  72900 | train loss 0.0571 | train acc 0.977 | val loss 1.1852 | val acc 0.756 | ‖g‖ 5.4421 | 1107s
step  73000 | train loss 0.0529 | train acc 0.992 | val loss 1.3781 | val acc 0.729 | ‖g‖ 5.9826 | 1109s
step  73100 | train loss 0.0638 | train acc 0.977 | val loss 1.3495 | val acc 0.717 | ‖g‖ 9.9674 | 1110s
step  73200 | train loss 0.0659 | train acc 0.977 | val loss 1.2656 | val acc 0.708 | ‖g‖ 5.8732 | 1111s
step  73300 | train loss 0.1676 | train acc 0.953 | val loss 1.5891 | val acc 0.719 | ‖g‖ 11.9900 | 1113s
step  73400 | train loss 0.1009 | train acc 0.977 | val loss 1.2966 | val acc 0.713 | ‖g‖ 10.2115 | 1114s
step  73500 | train loss 0.0208 | train acc 1.000 | val loss 1.3503 | val acc 0.723 | ‖g‖ 2.1602 | 1116s
step  73600 | train loss 0.0437 | train acc 0.984 | val loss 1.2303 | val acc 0.727 | ‖g‖ 6.4911 | 1117s
step  73700 | train loss 0.0996 | train acc 0.961 | val loss 1.4302 | val acc 0.719 | ‖g‖ 11.8079 | 1118s
step  73800 | train loss 0.0303 | train acc 0.992 | val loss 1.3165 | val acc 0.731 | ‖g‖ 3.6990 | 1120s
step  73900 | train loss 0.0083 | train acc 1.000 | val loss 1.4100 | val acc 0.748 | ‖g‖ 3.5048 | 1121s
step  74000 | train loss 0.0626 | train acc 0.984 | val loss 1.3089 | val acc 0.727 | ‖g‖ 7.3915 | 1122s
step  74100 | train loss 0.0935 | train acc 0.969 | val loss 1.2747 | val acc 0.704 | ‖g‖ 8.0313 | 1124s
step  74200 | train loss 0.0840 | train acc 0.984 | val loss 1.2358 | val acc 0.738 | ‖g‖ 8.9962 | 1125s
step  74300 | train loss 0.1313 | train acc 0.953 | val loss 1.2783 | val acc 0.698 | ‖g‖ 10.8779 | 1126s
step  74400 | train loss 0.0291 | train acc 0.992 | val loss 1.3252 | val acc 0.729 | ‖g‖ 5.8657 | 1128s
step  74500 | train loss 0.0547 | train acc 0.984 | val loss 1.3382 | val acc 0.735 | ‖g‖ 8.1743 | 1129s
step  74600 | train loss 0.1367 | train acc 0.953 | val loss 1.2138 | val acc 0.723 | ‖g‖ 10.2421 | 1130s
step  74700 | train loss 0.0482 | train acc 0.992 | val loss 1.2444 | val acc 0.727 | ‖g‖ 5.5836 | 1132s
step  74800 | train loss 0.0562 | train acc 0.977 | val loss 1.5782 | val acc 0.721 | ‖g‖ 7.9308 | 1133s
step  74900 | train loss 0.0399 | train acc 0.984 | val loss 1.2303 | val acc 0.733 | ‖g‖ 4.5275 | 1135s
step  75000 | train loss 0.1076 | train acc 0.953 | val loss 1.1425 | val acc 0.731 | ‖g‖ 11.1283 | 1136s
step  75100 | train loss 0.0648 | train acc 0.984 | val loss 1.3611 | val acc 0.756 | ‖g‖ 7.7056 | 1137s
step  75200 | train loss 0.1357 | train acc 0.961 | val loss 1.4003 | val acc 0.715 | ‖g‖ 11.1887 | 1139s
step  75300 | train loss 0.0721 | train acc 0.969 | val loss 1.3834 | val acc 0.731 | ‖g‖ 13.0906 | 1140s
step  75400 | train loss 0.0087 | train acc 1.000 | val loss 1.2791 | val acc 0.740 | ‖g‖ 1.0478 | 1142s
step  75500 | train loss 0.0813 | train acc 0.961 | val loss 1.3395 | val acc 0.746 | ‖g‖ 13.0249 | 1143s
step  75600 | train loss 0.0314 | train acc 0.992 | val loss 1.1764 | val acc 0.754 | ‖g‖ 5.5915 | 1144s
step  75700 | train loss 0.0581 | train acc 0.977 | val loss 1.2108 | val acc 0.748 | ‖g‖ 7.5533 | 1146s
step  75800 | train loss 0.0524 | train acc 0.977 | val loss 1.3561 | val acc 0.731 | ‖g‖ 6.1270 | 1147s
step  75900 | train loss 0.0468 | train acc 0.969 | val loss 1.2628 | val acc 0.731 | ‖g‖ 5.9038 | 1148s
step  76000 | train loss 0.0379 | train acc 0.992 | val loss 1.3273 | val acc 0.752 | ‖g‖ 4.9190 | 1150s
step  76100 | train loss 0.0754 | train acc 0.992 | val loss 1.3885 | val acc 0.723 | ‖g‖ 7.9381 | 1151s
step  76200 | train loss 0.0213 | train acc 1.000 | val loss 1.4209 | val acc 0.727 | ‖g‖ 3.7727 | 1153s
step  76300 | train loss 0.0886 | train acc 0.969 | val loss 1.0587 | val acc 0.744 | ‖g‖ 10.1349 | 1154s
step  76400 | train loss 0.0345 | train acc 0.992 | val loss 1.3835 | val acc 0.738 | ‖g‖ 5.2250 | 1156s
step  76500 | train loss 0.0357 | train acc 1.000 | val loss 1.3247 | val acc 0.740 | ‖g‖ 5.3250 | 1157s
step  76600 | train loss 0.0492 | train acc 0.984 | val loss 1.3041 | val acc 0.738 | ‖g‖ 6.1071 | 1159s
step  76700 | train loss 0.0539 | train acc 0.977 | val loss 1.1611 | val acc 0.756 | ‖g‖ 8.2527 | 1160s
step  76800 | train loss 0.0616 | train acc 0.984 | val loss 1.3095 | val acc 0.735 | ‖g‖ 6.1781 | 1162s
step  76900 | train loss 0.0301 | train acc 1.000 | val loss 1.2196 | val acc 0.744 | ‖g‖ 2.4927 | 1163s
step  77000 | train loss 0.1246 | train acc 0.938 | val loss 1.2090 | val acc 0.719 | ‖g‖ 12.5621 | 1165s
step  77100 | train loss 0.0302 | train acc 0.992 | val loss 1.3305 | val acc 0.733 | ‖g‖ 3.6653 | 1166s
step  77200 | train loss 0.0341 | train acc 0.992 | val loss 1.2964 | val acc 0.725 | ‖g‖ 2.9512 | 1167s
step  77300 | train loss 0.0327 | train acc 1.000 | val loss 1.2047 | val acc 0.762 | ‖g‖ 4.2015 | 1169s
step  77400 | train loss 0.0611 | train acc 0.984 | val loss 1.3300 | val acc 0.735 | ‖g‖ 11.4747 | 1170s
step  77500 | train loss 0.0718 | train acc 0.977 | val loss 1.1707 | val acc 0.729 | ‖g‖ 6.5659 | 1171s
step  77600 | train loss 0.1053 | train acc 0.953 | val loss 1.3196 | val acc 0.746 | ‖g‖ 10.5954 | 1173s
step  77700 | train loss 0.0204 | train acc 1.000 | val loss 1.3662 | val acc 0.742 | ‖g‖ 3.4821 | 1174s
step  77800 | train loss 0.1822 | train acc 0.953 | val loss 1.2329 | val acc 0.725 | ‖g‖ 13.0043 | 1175s
step  77900 | train loss 0.0910 | train acc 0.961 | val loss 1.2909 | val acc 0.723 | ‖g‖ 8.2070 | 1177s
step  78000 | train loss 0.0513 | train acc 0.984 | val loss 1.2547 | val acc 0.738 | ‖g‖ 7.4881 | 1178s
step  78100 | train loss 0.1694 | train acc 0.945 | val loss 1.2163 | val acc 0.752 | ‖g‖ 17.6965 | 1180s
step  78200 | train loss 0.0168 | train acc 1.000 | val loss 1.3578 | val acc 0.731 | ‖g‖ 2.4751 | 1181s
step  78300 | train loss 0.1356 | train acc 0.961 | val loss 1.1765 | val acc 0.758 | ‖g‖ 11.9851 | 1182s
step  78400 | train loss 0.0574 | train acc 0.984 | val loss 1.2795 | val acc 0.721 | ‖g‖ 6.7358 | 1184s
step  78500 | train loss 0.0254 | train acc 0.992 | val loss 1.2857 | val acc 0.744 | ‖g‖ 2.7656 | 1186s
step  78600 | train loss 0.0398 | train acc 0.977 | val loss 1.2899 | val acc 0.725 | ‖g‖ 6.8439 | 1187s
step  78700 | train loss 0.0826 | train acc 0.992 | val loss 1.4033 | val acc 0.727 | ‖g‖ 7.5772 | 1188s
step  78800 | train loss 0.1527 | train acc 0.938 | val loss 1.2206 | val acc 0.725 | ‖g‖ 9.3549 | 1190s
step  78900 | train loss 0.0302 | train acc 1.000 | val loss 1.2509 | val acc 0.765 | ‖g‖ 3.4469 | 1191s
step  79000 | train loss 0.0331 | train acc 0.992 | val loss 1.3647 | val acc 0.750 | ‖g‖ 12.1052 | 1193s
step  79100 | train loss 0.0615 | train acc 0.969 | val loss 1.3419 | val acc 0.721 | ‖g‖ 6.7604 | 1194s
step  79200 | train loss 0.1246 | train acc 0.961 | val loss 1.1451 | val acc 0.752 | ‖g‖ 12.0657 | 1195s
step  79300 | train loss 0.0404 | train acc 0.984 | val loss 1.3678 | val acc 0.729 | ‖g‖ 4.8732 | 1197s
step  79400 | train loss 0.1450 | train acc 0.969 | val loss 1.1843 | val acc 0.731 | ‖g‖ 10.2603 | 1198s
step  79500 | train loss 0.0652 | train acc 0.969 | val loss 1.3178 | val acc 0.756 | ‖g‖ 11.2442 | 1200s
step  79600 | train loss 0.0576 | train acc 0.984 | val loss 1.2450 | val acc 0.752 | ‖g‖ 7.2340 | 1201s
step  79700 | train loss 0.0249 | train acc 1.000 | val loss 1.3514 | val acc 0.735 | ‖g‖ 2.9260 | 1203s
step  79800 | train loss 0.0655 | train acc 0.984 | val loss 1.2617 | val acc 0.758 | ‖g‖ 11.1866 | 1204s
step  79900 | train loss 0.0593 | train acc 0.984 | val loss 1.3237 | val acc 0.746 | ‖g‖ 12.4737 | 1206s
step  80000 | train loss 0.0335 | train acc 1.000 | val loss 1.2532 | val acc 0.742 | ‖g‖ 4.6789 | 1207s
step  80100 | train loss 0.0453 | train acc 0.977 | val loss 1.3003 | val acc 0.742 | ‖g‖ 8.1754 | 1209s
step  80200 | train loss 0.1093 | train acc 0.945 | val loss 1.0855 | val acc 0.750 | ‖g‖ 8.7227 | 1210s
step  80300 | train loss 0.0387 | train acc 0.984 | val loss 1.2765 | val acc 0.742 | ‖g‖ 4.4796 | 1211s
step  80400 | train loss 0.0473 | train acc 0.984 | val loss 1.1958 | val acc 0.760 | ‖g‖ 6.7815 | 1213s
step  80500 | train loss 0.0340 | train acc 1.000 | val loss 1.2336 | val acc 0.735 | ‖g‖ 3.5329 | 1214s
step  80600 | train loss 0.0471 | train acc 0.984 | val loss 1.2678 | val acc 0.744 | ‖g‖ 6.7183 | 1216s
step  80700 | train loss 0.1134 | train acc 0.953 | val loss 1.3144 | val acc 0.727 | ‖g‖ 11.9757 | 1217s
step  80800 | train loss 0.0721 | train acc 0.969 | val loss 1.3493 | val acc 0.725 | ‖g‖ 12.6145 | 1218s
step  80900 | train loss 0.0211 | train acc 0.992 | val loss 1.3251 | val acc 0.750 | ‖g‖ 3.6927 | 1220s
step  81000 | train loss 0.0571 | train acc 0.992 | val loss 1.3177 | val acc 0.746 | ‖g‖ 7.3704 | 1221s
step  81100 | train loss 0.1687 | train acc 0.953 | val loss 1.3089 | val acc 0.717 | ‖g‖ 14.8771 | 1223s
step  81200 | train loss 0.0574 | train acc 0.992 | val loss 1.2800 | val acc 0.742 | ‖g‖ 6.2451 | 1224s
step  81300 | train loss 0.0545 | train acc 0.977 | val loss 1.3218 | val acc 0.746 | ‖g‖ 8.4387 | 1226s
step  81400 | train loss 0.1088 | train acc 0.969 | val loss 1.1292 | val acc 0.746 | ‖g‖ 8.3293 | 1227s
step  81500 | train loss 0.0380 | train acc 0.984 | val loss 1.2502 | val acc 0.744 | ‖g‖ 5.4912 | 1229s
step  81600 | train loss 0.0641 | train acc 0.984 | val loss 1.2875 | val acc 0.762 | ‖g‖ 6.2981 | 1230s
step  81700 | train loss 0.1188 | train acc 0.945 | val loss 1.2775 | val acc 0.752 | ‖g‖ 16.8574 | 1231s
step  81800 | train loss 0.0388 | train acc 0.992 | val loss 1.1627 | val acc 0.723 | ‖g‖ 4.5400 | 1233s
step  81900 | train loss 0.1062 | train acc 0.953 | val loss 1.3873 | val acc 0.729 | ‖g‖ 11.7085 | 1234s
step  82000 | train loss 0.0771 | train acc 0.977 | val loss 1.2984 | val acc 0.731 | ‖g‖ 9.6178 | 1236s
step  82100 | train loss 0.0801 | train acc 0.961 | val loss 1.2895 | val acc 0.733 | ‖g‖ 8.2708 | 1237s
step  82200 | train loss 0.0267 | train acc 1.000 | val loss 1.2947 | val acc 0.750 | ‖g‖ 3.3072 | 1239s
step  82300 | train loss 0.0777 | train acc 0.961 | val loss 1.2030 | val acc 0.777 | ‖g‖ 17.2388 | 1240s
step  82400 | train loss 0.0467 | train acc 0.984 | val loss 1.3117 | val acc 0.740 | ‖g‖ 4.6080 | 1241s
step  82500 | train loss 0.1005 | train acc 0.953 | val loss 1.1956 | val acc 0.758 | ‖g‖ 9.1330 | 1243s
step  82600 | train loss 0.0232 | train acc 0.992 | val loss 1.1719 | val acc 0.735 | ‖g‖ 3.3069 | 1245s
step  82700 | train loss 0.0195 | train acc 1.000 | val loss 1.3189 | val acc 0.742 | ‖g‖ 3.2319 | 1246s
step  82800 | train loss 0.4004 | train acc 0.875 | val loss 1.2607 | val acc 0.725 | ‖g‖ 23.9379 | 1248s
step  82900 | train loss 0.0607 | train acc 0.977 | val loss 1.2780 | val acc 0.765 | ‖g‖ 9.5790 | 1249s
step  83000 | train loss 0.1199 | train acc 0.953 | val loss 1.2808 | val acc 0.719 | ‖g‖ 8.0243 | 1250s
step  83100 | train loss 0.0212 | train acc 0.992 | val loss 1.2606 | val acc 0.750 | ‖g‖ 3.7335 | 1252s
step  83200 | train loss 0.0507 | train acc 0.984 | val loss 1.4669 | val acc 0.719 | ‖g‖ 9.7694 | 1253s
step  83300 | train loss 0.0867 | train acc 0.977 | val loss 1.1704 | val acc 0.740 | ‖g‖ 9.1779 | 1255s
step  83400 | train loss 0.0979 | train acc 0.953 | val loss 1.2256 | val acc 0.721 | ‖g‖ 9.2189 | 1256s
step  83500 | train loss 0.0208 | train acc 1.000 | val loss 1.2547 | val acc 0.727 | ‖g‖ 2.3778 | 1258s
step  83600 | train loss 0.0254 | train acc 0.992 | val loss 1.3004 | val acc 0.723 | ‖g‖ 4.9184 | 1259s
step  83700 | train loss 0.0211 | train acc 1.000 | val loss 1.2823 | val acc 0.740 | ‖g‖ 2.2685 | 1261s
step  83800 | train loss 0.0741 | train acc 0.969 | val loss 1.3096 | val acc 0.738 | ‖g‖ 11.4872 | 1262s
step  83900 | train loss 0.1138 | train acc 0.961 | val loss 1.2529 | val acc 0.731 | ‖g‖ 10.9285 | 1263s
step  84000 | train loss 0.0411 | train acc 0.992 | val loss 1.3941 | val acc 0.723 | ‖g‖ 6.0176 | 1265s
step  84100 | train loss 0.0387 | train acc 1.000 | val loss 1.2552 | val acc 0.742 | ‖g‖ 6.0556 | 1266s
step  84200 | train loss 0.0600 | train acc 0.984 | val loss 1.2577 | val acc 0.731 | ‖g‖ 7.7410 | 1268s
step  84300 | train loss 0.0348 | train acc 0.984 | val loss 1.3287 | val acc 0.735 | ‖g‖ 6.7399 | 1269s
step  84400 | train loss 0.0294 | train acc 0.992 | val loss 1.1966 | val acc 0.765 | ‖g‖ 3.2742 | 1270s
step  84500 | train loss 0.0277 | train acc 1.000 | val loss 1.3255 | val acc 0.740 | ‖g‖ 3.6691 | 1272s
step  84600 | train loss 0.0378 | train acc 0.992 | val loss 1.4721 | val acc 0.740 | ‖g‖ 8.8573 | 1273s
step  84700 | train loss 0.0287 | train acc 1.000 | val loss 1.1303 | val acc 0.750 | ‖g‖ 2.7355 | 1275s
step  84800 | train loss 0.1320 | train acc 0.969 | val loss 1.1984 | val acc 0.746 | ‖g‖ 17.7894 | 1276s
step  84900 | train loss 0.0236 | train acc 1.000 | val loss 1.2362 | val acc 0.744 | ‖g‖ 3.3868 | 1278s
step  85000 | train loss 0.0724 | train acc 0.984 | val loss 1.1006 | val acc 0.740 | ‖g‖ 5.7121 | 1279s
step  85100 | train loss 0.0360 | train acc 1.000 | val loss 1.2447 | val acc 0.742 | ‖g‖ 4.4437 | 1280s
step  85200 | train loss 0.0268 | train acc 0.992 | val loss 1.3508 | val acc 0.723 | ‖g‖ 5.3925 | 1282s
step  85300 | train loss 0.1618 | train acc 0.953 | val loss 1.3104 | val acc 0.715 | ‖g‖ 12.7527 | 1283s
step  85400 | train loss 0.0568 | train acc 0.984 | val loss 1.1644 | val acc 0.742 | ‖g‖ 6.1153 | 1285s
step  85500 | train loss 0.0436 | train acc 0.984 | val loss 1.1996 | val acc 0.752 | ‖g‖ 7.5737 | 1286s
step  85600 | train loss 0.0687 | train acc 0.969 | val loss 1.1974 | val acc 0.729 | ‖g‖ 5.4496 | 1287s
step  85700 | train loss 0.0242 | train acc 1.000 | val loss 1.2162 | val acc 0.733 | ‖g‖ 2.3263 | 1289s
step  85800 | train loss 0.0475 | train acc 0.977 | val loss 1.2562 | val acc 0.740 | ‖g‖ 6.0808 | 1290s
step  85900 | train loss 0.1238 | train acc 0.969 | val loss 1.2905 | val acc 0.740 | ‖g‖ 10.5897 | 1292s
step  86000 | train loss 0.0526 | train acc 0.969 | val loss 1.4266 | val acc 0.733 | ‖g‖ 8.7750 | 1293s
step  86100 | train loss 0.1177 | train acc 0.938 | val loss 1.3149 | val acc 0.725 | ‖g‖ 12.4312 | 1294s
step  86200 | train loss 0.0278 | train acc 1.000 | val loss 1.2492 | val acc 0.752 | ‖g‖ 4.0106 | 1296s
step  86300 | train loss 0.0427 | train acc 0.984 | val loss 1.1685 | val acc 0.744 | ‖g‖ 5.9758 | 1297s
step  86400 | train loss 0.0484 | train acc 0.977 | val loss 1.3283 | val acc 0.729 | ‖g‖ 7.8927 | 1299s
step  86500 | train loss 0.1552 | train acc 0.945 | val loss 1.3064 | val acc 0.740 | ‖g‖ 15.6732 | 1300s
step  86600 | train loss 0.1104 | train acc 0.945 | val loss 1.2447 | val acc 0.752 | ‖g‖ 10.5256 | 1302s
step  86700 | train loss 0.0471 | train acc 0.992 | val loss 1.1697 | val acc 0.756 | ‖g‖ 5.9999 | 1303s
step  86800 | train loss 0.0290 | train acc 1.000 | val loss 1.2751 | val acc 0.754 | ‖g‖ 3.4505 | 1305s
step  86900 | train loss 0.1178 | train acc 0.969 | val loss 1.2304 | val acc 0.735 | ‖g‖ 13.9947 | 1306s
step  87000 | train loss 0.0298 | train acc 0.992 | val loss 1.3770 | val acc 0.729 | ‖g‖ 3.3703 | 1308s
step  87100 | train loss 0.0587 | train acc 0.984 | val loss 1.0815 | val acc 0.752 | ‖g‖ 6.7623 | 1309s
step  87200 | train loss 0.1939 | train acc 0.922 | val loss 1.1923 | val acc 0.742 | ‖g‖ 15.6890 | 1310s
step  87300 | train loss 0.0363 | train acc 0.984 | val loss 1.3284 | val acc 0.744 | ‖g‖ 4.2799 | 1312s
step  87400 | train loss 0.1171 | train acc 0.953 | val loss 1.1881 | val acc 0.750 | ‖g‖ 10.1262 | 1313s
step  87500 | train loss 0.0503 | train acc 0.977 | val loss 1.3662 | val acc 0.746 | ‖g‖ 10.0984 | 1315s
step  87600 | train loss 0.0590 | train acc 0.984 | val loss 1.2183 | val acc 0.752 | ‖g‖ 8.7107 | 1316s
step  87700 | train loss 0.0474 | train acc 0.984 | val loss 1.3274 | val acc 0.752 | ‖g‖ 6.3996 | 1318s
step  87800 | train loss 0.0398 | train acc 0.992 | val loss 1.2733 | val acc 0.727 | ‖g‖ 4.7569 | 1319s
step  87900 | train loss 0.0271 | train acc 0.992 | val loss 1.1560 | val acc 0.738 | ‖g‖ 2.9686 | 1320s
step  88000 | train loss 0.0376 | train acc 0.992 | val loss 1.1819 | val acc 0.735 | ‖g‖ 3.5109 | 1322s
step  88100 | train loss 0.2671 | train acc 0.898 | val loss 1.2085 | val acc 0.756 | ‖g‖ 28.6365 | 1323s
step  88200 | train loss 0.0193 | train acc 1.000 | val loss 1.2527 | val acc 0.758 | ‖g‖ 3.0048 | 1325s
step  88300 | train loss 0.0208 | train acc 1.000 | val loss 1.2926 | val acc 0.721 | ‖g‖ 4.3372 | 1326s
step  88400 | train loss 0.0487 | train acc 0.984 | val loss 1.1149 | val acc 0.775 | ‖g‖ 6.9922 | 1328s
step  88500 | train loss 0.0540 | train acc 0.984 | val loss 1.2376 | val acc 0.702 | ‖g‖ 8.2061 | 1329s
step  88600 | train loss 0.0703 | train acc 0.977 | val loss 1.1401 | val acc 0.752 | ‖g‖ 8.2587 | 1330s
step  88700 | train loss 0.0361 | train acc 0.977 | val loss 1.3011 | val acc 0.758 | ‖g‖ 5.9486 | 1332s
step  88800 | train loss 0.1059 | train acc 0.969 | val loss 1.0573 | val acc 0.746 | ‖g‖ 6.9985 | 1333s
step  88900 | train loss 0.0260 | train acc 1.000 | val loss 1.0815 | val acc 0.762 | ‖g‖ 2.9915 | 1335s
step  89000 | train loss 0.0384 | train acc 0.992 | val loss 1.2702 | val acc 0.754 | ‖g‖ 4.6817 | 1336s
step  89100 | train loss 0.0371 | train acc 0.992 | val loss 1.2912 | val acc 0.725 | ‖g‖ 3.2558 | 1338s
step  89200 | train loss 0.0704 | train acc 0.977 | val loss 1.0327 | val acc 0.742 | ‖g‖ 6.2732 | 1339s
step  89300 | train loss 0.0317 | train acc 1.000 | val loss 1.1902 | val acc 0.748 | ‖g‖ 4.3061 | 1340s
step  89400 | train loss 0.0203 | train acc 0.992 | val loss 1.3407 | val acc 0.733 | ‖g‖ 3.4112 | 1342s
step  89500 | train loss 0.0463 | train acc 1.000 | val loss 1.1261 | val acc 0.754 | ‖g‖ 3.7796 | 1343s
step  89600 | train loss 0.0924 | train acc 0.969 | val loss 1.1272 | val acc 0.750 | ‖g‖ 9.6108 | 1345s
step  89700 | train loss 0.0295 | train acc 0.992 | val loss 1.1628 | val acc 0.758 | ‖g‖ 5.5365 | 1346s
step  89800 | train loss 0.0063 | train acc 1.000 | val loss 1.2326 | val acc 0.762 | ‖g‖ 1.2364 | 1347s
step  89900 | train loss 0.1548 | train acc 0.938 | val loss 1.3915 | val acc 0.738 | ‖g‖ 23.2228 | 1349s
step  90000 | train loss 0.1286 | train acc 0.945 | val loss 1.2135 | val acc 0.729 | ‖g‖ 12.1747 | 1350s
step  90100 | train loss 0.0643 | train acc 0.984 | val loss 1.1743 | val acc 0.742 | ‖g‖ 6.5733 | 1352s
step  90200 | train loss 0.0755 | train acc 0.984 | val loss 1.1370 | val acc 0.752 | ‖g‖ 7.9488 | 1353s
step  90300 | train loss 0.0432 | train acc 0.992 | val loss 1.1869 | val acc 0.765 | ‖g‖ 4.1028 | 1355s
step  90400 | train loss 0.0320 | train acc 0.992 | val loss 1.1483 | val acc 0.775 | ‖g‖ 5.2359 | 1356s
step  90500 | train loss 0.1245 | train acc 0.969 | val loss 1.2934 | val acc 0.744 | ‖g‖ 10.8347 | 1358s
step  90600 | train loss 0.0693 | train acc 0.977 | val loss 1.1732 | val acc 0.735 | ‖g‖ 6.3608 | 1359s
step  90700 | train loss 0.0555 | train acc 0.984 | val loss 1.1789 | val acc 0.740 | ‖g‖ 7.4868 | 1360s
step  90800 | train loss 0.1137 | train acc 0.969 | val loss 1.2441 | val acc 0.752 | ‖g‖ 11.8006 | 1362s
step  90900 | train loss 0.0517 | train acc 0.977 | val loss 1.2236 | val acc 0.760 | ‖g‖ 6.9341 | 1364s
step  91000 | train loss 0.0115 | train acc 1.000 | val loss 1.2430 | val acc 0.752 | ‖g‖ 1.6915 | 1365s
step  91100 | train loss 0.0615 | train acc 0.977 | val loss 1.2450 | val acc 0.727 | ‖g‖ 7.0036 | 1367s
step  91200 | train loss 0.1486 | train acc 0.961 | val loss 1.2620 | val acc 0.738 | ‖g‖ 21.2920 | 1368s
step  91300 | train loss 0.0695 | train acc 0.984 | val loss 1.1853 | val acc 0.746 | ‖g‖ 8.1834 | 1370s
step  91400 | train loss 0.0177 | train acc 1.000 | val loss 1.2088 | val acc 0.752 | ‖g‖ 2.4187 | 1371s
step  91500 | train loss 0.0412 | train acc 0.984 | val loss 1.2624 | val acc 0.746 | ‖g‖ 5.6693 | 1373s
step  91600 | train loss 0.1021 | train acc 0.945 | val loss 1.2348 | val acc 0.752 | ‖g‖ 11.9397 | 1374s
step  91700 | train loss 0.0324 | train acc 0.992 | val loss 1.2305 | val acc 0.769 | ‖g‖ 6.9014 | 1376s
step  91800 | train loss 0.0986 | train acc 0.961 | val loss 1.2375 | val acc 0.750 | ‖g‖ 13.0722 | 1377s
step  91900 | train loss 0.0251 | train acc 1.000 | val loss 1.2046 | val acc 0.746 | ‖g‖ 3.5399 | 1379s
step  92000 | train loss 0.0297 | train acc 0.992 | val loss 1.2675 | val acc 0.754 | ‖g‖ 4.8565 | 1380s
step  92100 | train loss 0.0399 | train acc 1.000 | val loss 1.2825 | val acc 0.752 | ‖g‖ 6.1084 | 1382s
step  92200 | train loss 0.0161 | train acc 1.000 | val loss 1.2976 | val acc 0.727 | ‖g‖ 2.1123 | 1383s
step  92300 | train loss 0.0552 | train acc 0.984 | val loss 1.0570 | val acc 0.760 | ‖g‖ 7.3634 | 1385s
step  92400 | train loss 0.0992 | train acc 0.961 | val loss 1.0497 | val acc 0.752 | ‖g‖ 8.0334 | 1386s
step  92500 | train loss 0.0436 | train acc 0.992 | val loss 1.2887 | val acc 0.729 | ‖g‖ 4.2537 | 1388s
step  92600 | train loss 0.0541 | train acc 0.992 | val loss 1.1383 | val acc 0.760 | ‖g‖ 5.9201 | 1389s
step  92700 | train loss 0.0821 | train acc 0.969 | val loss 1.1871 | val acc 0.756 | ‖g‖ 9.6617 | 1391s
step  92800 | train loss 0.0641 | train acc 0.992 | val loss 1.1710 | val acc 0.733 | ‖g‖ 9.8326 | 1392s
step  92900 | train loss 0.0199 | train acc 1.000 | val loss 1.2691 | val acc 0.748 | ‖g‖ 3.7281 | 1394s
step  93000 | train loss 0.1639 | train acc 0.945 | val loss 1.0304 | val acc 0.752 | ‖g‖ 10.4635 | 1395s
step  93100 | train loss 0.0292 | train acc 0.992 | val loss 1.2937 | val acc 0.744 | ‖g‖ 8.5373 | 1396s
step  93200 | train loss 0.0952 | train acc 0.969 | val loss 1.0833 | val acc 0.742 | ‖g‖ 8.1818 | 1398s
step  93300 | train loss 0.0315 | train acc 0.992 | val loss 1.2021 | val acc 0.738 | ‖g‖ 5.7217 | 1399s
step  93400 | train loss 0.0457 | train acc 0.977 | val loss 1.3046 | val acc 0.738 | ‖g‖ 5.9150 | 1401s
step  93500 | train loss 0.1754 | train acc 0.945 | val loss 1.3289 | val acc 0.708 | ‖g‖ 16.4892 | 1402s
step  93600 | train loss 0.0287 | train acc 0.992 | val loss 1.2557 | val acc 0.740 | ‖g‖ 7.4861 | 1403s
step  93700 | train loss 0.0533 | train acc 0.984 | val loss 1.2968 | val acc 0.740 | ‖g‖ 9.3735 | 1405s
step  93800 | train loss 0.0913 | train acc 0.953 | val loss 0.9732 | val acc 0.746 | ‖g‖ 6.9192 | 1406s
step  93900 | train loss 0.0264 | train acc 0.992 | val loss 1.2891 | val acc 0.719 | ‖g‖ 3.6726 | 1408s
step  94000 | train loss 0.0687 | train acc 0.969 | val loss 1.1009 | val acc 0.754 | ‖g‖ 11.1847 | 1409s
step  94100 | train loss 0.0097 | train acc 1.000 | val loss 1.2606 | val acc 0.762 | ‖g‖ 2.2803 | 1410s
step  94200 | train loss 0.0053 | train acc 1.000 | val loss 1.3059 | val acc 0.767 | ‖g‖ 0.9175 | 1412s
step  94300 | train loss 0.1450 | train acc 0.953 | val loss 0.9710 | val acc 0.742 | ‖g‖ 7.1687 | 1413s
step  94400 | train loss 0.0563 | train acc 0.984 | val loss 1.0239 | val acc 0.748 | ‖g‖ 4.9124 | 1415s
step  94500 | train loss 0.0759 | train acc 0.969 | val loss 1.0868 | val acc 0.735 | ‖g‖ 6.0912 | 1416s
step  94600 | train loss 0.0918 | train acc 0.977 | val loss 1.2007 | val acc 0.735 | ‖g‖ 8.9781 | 1418s
step  94700 | train loss 0.0681 | train acc 0.992 | val loss 1.1797 | val acc 0.746 | ‖g‖ 6.3337 | 1419s
step  94800 | train loss 0.0382 | train acc 0.992 | val loss 1.3010 | val acc 0.710 | ‖g‖ 4.7622 | 1421s
step  94900 | train loss 0.1273 | train acc 0.945 | val loss 1.2791 | val acc 0.740 | ‖g‖ 14.7206 | 1422s
step  95000 | train loss 0.0247 | train acc 0.992 | val loss 1.1184 | val acc 0.754 | ‖g‖ 3.0376 | 1424s
step  95100 | train loss 0.0125 | train acc 1.000 | val loss 1.2526 | val acc 0.748 | ‖g‖ 2.7711 | 1426s
step  95200 | train loss 0.0323 | train acc 0.992 | val loss 1.1627 | val acc 0.742 | ‖g‖ 5.6386 | 1428s
step  95300 | train loss 0.0569 | train acc 0.969 | val loss 1.1836 | val acc 0.735 | ‖g‖ 6.4180 | 1429s
step  95400 | train loss 0.1045 | train acc 0.953 | val loss 1.1020 | val acc 0.740 | ‖g‖ 7.5876 | 1431s
step  95500 | train loss 0.0650 | train acc 0.984 | val loss 1.1426 | val acc 0.740 | ‖g‖ 8.0128 | 1432s
step  95600 | train loss 0.1263 | train acc 0.953 | val loss 1.0791 | val acc 0.750 | ‖g‖ 13.3514 | 1434s
step  95700 | train loss 0.0420 | train acc 0.992 | val loss 1.0855 | val acc 0.748 | ‖g‖ 4.4277 | 1435s
step  95800 | train loss 0.0555 | train acc 0.984 | val loss 1.1953 | val acc 0.758 | ‖g‖ 7.6980 | 1436s
step  95900 | train loss 0.1471 | train acc 0.953 | val loss 1.1575 | val acc 0.765 | ‖g‖ 15.6080 | 1438s
step  96000 | train loss 0.0385 | train acc 0.984 | val loss 1.2022 | val acc 0.765 | ‖g‖ 4.4839 | 1439s
step  96100 | train loss 0.1030 | train acc 0.984 | val loss 1.1446 | val acc 0.744 | ‖g‖ 8.3340 | 1440s
step  96200 | train loss 0.0355 | train acc 0.992 | val loss 1.1038 | val acc 0.767 | ‖g‖ 5.5298 | 1442s
step  96300 | train loss 0.1434 | train acc 0.945 | val loss 1.0901 | val acc 0.746 | ‖g‖ 14.7459 | 1443s
step  96400 | train loss 0.0256 | train acc 1.000 | val loss 1.2556 | val acc 0.746 | ‖g‖ 4.5436 | 1444s
step  96500 | train loss 0.1716 | train acc 0.938 | val loss 1.1664 | val acc 0.731 | ‖g‖ 16.3145 | 1446s
step  96600 | train loss 0.0416 | train acc 0.992 | val loss 1.1178 | val acc 0.746 | ‖g‖ 6.1031 | 1447s
step  96700 | train loss 0.0585 | train acc 0.992 | val loss 1.0700 | val acc 0.769 | ‖g‖ 10.9716 | 1449s
step  96800 | train loss 0.0719 | train acc 0.977 | val loss 1.0190 | val acc 0.752 | ‖g‖ 7.7596 | 1450s
step  96900 | train loss 0.0432 | train acc 1.000 | val loss 1.1124 | val acc 0.731 | ‖g‖ 6.9431 | 1451s
step  97000 | train loss 0.0794 | train acc 0.961 | val loss 1.2330 | val acc 0.740 | ‖g‖ 11.8044 | 1453s
step  97100 | train loss 0.0118 | train acc 1.000 | val loss 1.2094 | val acc 0.752 | ‖g‖ 2.1095 | 1455s
step  97200 | train loss 0.0707 | train acc 0.984 | val loss 1.0358 | val acc 0.735 | ‖g‖ 6.7937 | 1456s
step  97300 | train loss 0.0249 | train acc 1.000 | val loss 1.1466 | val acc 0.754 | ‖g‖ 4.6607 | 1458s
step  97400 | train loss 0.0434 | train acc 0.992 | val loss 1.2292 | val acc 0.760 | ‖g‖ 7.7851 | 1459s
step  97500 | train loss 0.0327 | train acc 0.984 | val loss 1.1701 | val acc 0.744 | ‖g‖ 5.1457 | 1461s
step  97600 | train loss 0.0391 | train acc 1.000 | val loss 1.2542 | val acc 0.733 | ‖g‖ 3.4417 | 1462s
step  97700 | train loss 0.0207 | train acc 1.000 | val loss 1.2853 | val acc 0.731 | ‖g‖ 2.2149 | 1464s
step  97800 | train loss 0.0716 | train acc 0.984 | val loss 1.1537 | val acc 0.735 | ‖g‖ 7.7581 | 1465s
step  97900 | train loss 0.0207 | train acc 1.000 | val loss 1.0488 | val acc 0.769 | ‖g‖ 2.0789 | 1467s
step  98000 | train loss 0.0265 | train acc 0.992 | val loss 1.2599 | val acc 0.758 | ‖g‖ 7.8364 | 1468s
step  98100 | train loss 0.1758 | train acc 0.953 | val loss 1.1635 | val acc 0.723 | ‖g‖ 16.1021 | 1470s
step  98200 | train loss 0.0536 | train acc 0.992 | val loss 1.1786 | val acc 0.750 | ‖g‖ 6.6760 | 1471s
step  98300 | train loss 0.0933 | train acc 0.977 | val loss 1.1764 | val acc 0.756 | ‖g‖ 12.0871 | 1473s
step  98400 | train loss 0.0514 | train acc 0.984 | val loss 1.3531 | val acc 0.717 | ‖g‖ 6.7112 | 1474s
step  98500 | train loss 0.0142 | train acc 1.000 | val loss 1.1128 | val acc 0.760 | ‖g‖ 2.3527 | 1475s
step  98600 | train loss 0.0088 | train acc 1.000 | val loss 1.2418 | val acc 0.769 | ‖g‖ 1.3765 | 1477s
step  98700 | train loss 0.0048 | train acc 1.000 | val loss 1.2437 | val acc 0.773 | ‖g‖ 0.6182 | 1478s
step  98800 | train loss 0.1846 | train acc 0.922 | val loss 0.7658 | val acc 0.773 | ‖g‖ 12.1864 | 1479s
step  98900 | train loss 0.0947 | train acc 0.961 | val loss 1.0814 | val acc 0.767 | ‖g‖ 9.3731 | 1481s
step  99000 | train loss 0.1040 | train acc 0.961 | val loss 1.1347 | val acc 0.738 | ‖g‖ 9.7680 | 1482s
step  99100 | train loss 0.0427 | train acc 1.000 | val loss 1.0942 | val acc 0.740 | ‖g‖ 5.3274 | 1484s
step  99200 | train loss 0.0804 | train acc 0.953 | val loss 1.1297 | val acc 0.756 | ‖g‖ 12.5944 | 1485s
step  99300 | train loss 0.0316 | train acc 0.984 | val loss 1.1676 | val acc 0.769 | ‖g‖ 5.1114 | 1486s
step  99400 | train loss 0.1367 | train acc 0.953 | val loss 1.1569 | val acc 0.738 | ‖g‖ 10.2447 | 1488s
step  99500 | train loss 0.0100 | train acc 1.000 | val loss 1.2451 | val acc 0.748 | ‖g‖ 1.6287 | 1489s
step  99600 | train loss 0.0577 | train acc 0.977 | val loss 1.1490 | val acc 0.742 | ‖g‖ 6.6455 | 1491s
step  99700 | train loss 0.0245 | train acc 0.992 | val loss 1.1018 | val acc 0.756 | ‖g‖ 2.9252 | 1492s
step  99800 | train loss 0.0584 | train acc 0.984 | val loss 1.2553 | val acc 0.731 | ‖g‖ 5.3191 | 1494s
step  99900 | train loss 0.1101 | train acc 0.953 | val loss 1.0421 | val acc 0.735 | ‖g‖ 11.5980 | 1496s
step 100000 | train loss 0.0647 | train acc 0.961 | val loss 1.2457 | val acc 0.744 | ‖g‖ 7.4879 | 1498s
step 100100 | train loss 0.0695 | train acc 0.984 | val loss 1.1097 | val acc 0.752 | ‖g‖ 8.3474 | 1499s
step 100200 | train loss 0.0233 | train acc 1.000 | val loss 1.0887 | val acc 0.756 | ‖g‖ 2.2322 | 1501s
step 100300 | train loss 0.0121 | train acc 1.000 | val loss 1.1201 | val acc 0.762 | ‖g‖ 2.4814 | 1502s
step 100400 | train loss 0.0255 | train acc 1.000 | val loss 1.1711 | val acc 0.746 | ‖g‖ 4.3160 | 1504s
step 100500 | train loss 0.1158 | train acc 0.984 | val loss 1.1405 | val acc 0.735 | ‖g‖ 9.4915 | 1505s
step 100600 | train loss 0.0358 | train acc 1.000 | val loss 1.2108 | val acc 0.740 | ‖g‖ 4.1564 | 1507s
step 100700 | train loss 0.1079 | train acc 0.953 | val loss 1.1392 | val acc 0.740 | ‖g‖ 9.2243 | 1508s
step 100800 | train loss 0.1167 | train acc 0.977 | val loss 1.1811 | val acc 0.727 | ‖g‖ 10.6093 | 1509s
step 100900 | train loss 0.0163 | train acc 1.000 | val loss 1.2507 | val acc 0.744 | ‖g‖ 2.5189 | 1511s
step 101000 | train loss 0.0511 | train acc 0.984 | val loss 1.2838 | val acc 0.754 | ‖g‖ 6.8790 | 1512s
step 101100 | train loss 0.0932 | train acc 0.969 | val loss 1.0891 | val acc 0.758 | ‖g‖ 11.2879 | 1514s
step 101200 | train loss 0.0528 | train acc 0.984 | val loss 1.2495 | val acc 0.725 | ‖g‖ 7.8743 | 1515s
step 101300 | train loss 0.0826 | train acc 0.984 | val loss 1.2102 | val acc 0.738 | ‖g‖ 9.3868 | 1516s
step 101400 | train loss 0.0257 | train acc 0.992 | val loss 1.1168 | val acc 0.742 | ‖g‖ 2.3438 | 1518s
step 101500 | train loss 0.0117 | train acc 1.000 | val loss 1.1614 | val acc 0.750 | ‖g‖ 2.5555 | 1520s
step 101600 | train loss 0.0433 | train acc 0.992 | val loss 1.1224 | val acc 0.748 | ‖g‖ 5.0347 | 1522s
step 101700 | train loss 0.0699 | train acc 0.969 | val loss 1.2647 | val acc 0.729 | ‖g‖ 8.5671 | 1523s
step 101800 | train loss 0.0327 | train acc 1.000 | val loss 1.1973 | val acc 0.748 | ‖g‖ 2.5996 | 1525s
step 101900 | train loss 0.0566 | train acc 0.992 | val loss 1.2046 | val acc 0.748 | ‖g‖ 8.7518 | 1526s
step 102000 | train loss 0.1522 | train acc 0.953 | val loss 1.1716 | val acc 0.767 | ‖g‖ 16.8207 | 1527s
step 102100 | train loss 0.0175 | train acc 1.000 | val loss 1.0885 | val acc 0.752 | ‖g‖ 2.1461 | 1529s
step 102200 | train loss 0.0476 | train acc 0.984 | val loss 1.2752 | val acc 0.760 | ‖g‖ 7.3388 | 1530s
step 102300 | train loss 0.0771 | train acc 0.961 | val loss 0.9601 | val acc 0.767 | ‖g‖ 11.6441 | 1532s
step 102400 | train loss 0.1240 | train acc 0.945 | val loss 1.1367 | val acc 0.760 | ‖g‖ 12.2936 | 1533s
step 102500 | train loss 0.0755 | train acc 0.969 | val loss 1.0623 | val acc 0.752 | ‖g‖ 8.7124 | 1535s
step 102600 | train loss 0.0798 | train acc 0.977 | val loss 0.9125 | val acc 0.754 | ‖g‖ 8.5858 | 1536s
step 102700 | train loss 0.0565 | train acc 0.977 | val loss 1.1910 | val acc 0.762 | ‖g‖ 10.4005 | 1538s
step 102800 | train loss 0.1213 | train acc 0.945 | val loss 1.0914 | val acc 0.738 | ‖g‖ 17.1266 | 1539s
step 102900 | train loss 0.0271 | train acc 0.992 | val loss 1.0760 | val acc 0.767 | ‖g‖ 4.5324 | 1541s
step 103000 | train loss 0.0272 | train acc 0.992 | val loss 1.2766 | val acc 0.742 | ‖g‖ 4.0460 | 1542s
step 103100 | train loss 0.0626 | train acc 0.977 | val loss 1.1998 | val acc 0.756 | ‖g‖ 8.3003 | 1544s
step 103200 | train loss 0.0642 | train acc 0.984 | val loss 1.1102 | val acc 0.758 | ‖g‖ 6.6190 | 1545s
step 103300 | train loss 0.0482 | train acc 0.984 | val loss 1.1651 | val acc 0.735 | ‖g‖ 5.5497 | 1547s
step 103400 | train loss 0.0558 | train acc 0.977 | val loss 1.0068 | val acc 0.762 | ‖g‖ 5.3256 | 1548s
step 103500 | train loss 0.0401 | train acc 0.992 | val loss 1.1470 | val acc 0.758 | ‖g‖ 8.0306 | 1549s
step 103600 | train loss 0.0279 | train acc 0.992 | val loss 1.2155 | val acc 0.758 | ‖g‖ 6.7366 | 1551s
step 103700 | train loss 0.0997 | train acc 0.953 | val loss 0.9907 | val acc 0.725 | ‖g‖ 8.8752 | 1552s
step 103800 | train loss 0.0257 | train acc 0.992 | val loss 1.1083 | val acc 0.779 | ‖g‖ 3.8450 | 1554s
step 103900 | train loss 0.0379 | train acc 0.977 | val loss 1.0666 | val acc 0.769 | ‖g‖ 5.3799 | 1555s
step 104000 | train loss 0.0261 | train acc 1.000 | val loss 1.2267 | val acc 0.758 | ‖g‖ 4.0728 | 1556s
step 104100 | train loss 0.1210 | train acc 0.938 | val loss 1.2088 | val acc 0.723 | ‖g‖ 10.9592 | 1558s
step 104200 | train loss 0.0365 | train acc 0.992 | val loss 1.1190 | val acc 0.748 | ‖g‖ 5.5365 | 1559s
step 104300 | train loss 0.0770 | train acc 0.969 | val loss 1.0783 | val acc 0.748 | ‖g‖ 7.1868 | 1560s
step 104400 | train loss 0.0349 | train acc 0.992 | val loss 1.1755 | val acc 0.758 | ‖g‖ 7.8607 | 1562s
step 104500 | train loss 0.0899 | train acc 0.969 | val loss 1.1808 | val acc 0.773 | ‖g‖ 9.4061 | 1563s
step 104600 | train loss 0.0406 | train acc 0.992 | val loss 1.1731 | val acc 0.746 | ‖g‖ 5.9279 | 1565s
step 104700 | train loss 0.1084 | train acc 0.961 | val loss 1.0043 | val acc 0.756 | ‖g‖ 13.4454 | 1566s
step 104800 | train loss 0.1704 | train acc 0.969 | val loss 1.1403 | val acc 0.744 | ‖g‖ 18.3477 | 1567s
step 104900 | train loss 0.0168 | train acc 1.000 | val loss 1.0975 | val acc 0.767 | ‖g‖ 2.1036 | 1569s
step 105000 | train loss 0.0715 | train acc 0.977 | val loss 1.3531 | val acc 0.717 | ‖g‖ 12.0871 | 1570s
step 105100 | train loss 0.0224 | train acc 1.000 | val loss 1.0994 | val acc 0.752 | ‖g‖ 3.9002 | 1572s
step 105200 | train loss 0.0528 | train acc 0.977 | val loss 1.1094 | val acc 0.748 | ‖g‖ 6.1138 | 1573s
step 105300 | train loss 0.0676 | train acc 0.961 | val loss 1.1006 | val acc 0.756 | ‖g‖ 8.6070 | 1575s
step 105400 | train loss 0.0708 | train acc 0.977 | val loss 1.0770 | val acc 0.765 | ‖g‖ 12.1032 | 1576s
step 105500 | train loss 0.0176 | train acc 1.000 | val loss 1.1612 | val acc 0.767 | ‖g‖ 2.3621 | 1577s
step 105600 | train loss 0.0773 | train acc 0.977 | val loss 0.9989 | val acc 0.769 | ‖g‖ 8.0604 | 1579s
step 105700 | train loss 0.0366 | train acc 0.992 | val loss 1.1560 | val acc 0.771 | ‖g‖ 6.7010 | 1580s
step 105800 | train loss 0.1477 | train acc 0.938 | val loss 0.9069 | val acc 0.758 | ‖g‖ 9.4971 | 1582s
step 105900 | train loss 0.0446 | train acc 1.000 | val loss 1.0408 | val acc 0.785 | ‖g‖ 6.3415 | 1583s
step 106000 | train loss 0.0561 | train acc 0.992 | val loss 1.0854 | val acc 0.769 | ‖g‖ 4.2892 | 1585s
step 106100 | train loss 0.0102 | train acc 1.000 | val loss 1.1607 | val acc 0.765 | ‖g‖ 1.2808 | 1586s
step 106200 | train loss 0.0064 | train acc 1.000 | val loss 1.1201 | val acc 0.769 | ‖g‖ 0.8841 | 1587s
step 106300 | train loss 0.2691 | train acc 0.922 | val loss 0.8570 | val acc 0.781 | ‖g‖ 19.4354 | 1589s
step 106400 | train loss 0.0819 | train acc 0.977 | val loss 1.1013 | val acc 0.746 | ‖g‖ 5.9962 | 1590s
step 106500 | train loss 0.0504 | train acc 0.984 | val loss 0.9531 | val acc 0.794 | ‖g‖ 5.8043 | 1591s
step 106600 | train loss 0.0952 | train acc 0.977 | val loss 1.0708 | val acc 0.777 | ‖g‖ 9.7945 | 1593s
step 106700 | train loss 0.0642 | train acc 0.984 | val loss 1.0477 | val acc 0.762 | ‖g‖ 7.5181 | 1594s
step 106800 | train loss 0.0440 | train acc 0.977 | val loss 1.1167 | val acc 0.762 | ‖g‖ 9.1520 | 1596s
step 106900 | train loss 0.1108 | train acc 0.961 | val loss 1.0572 | val acc 0.767 | ‖g‖ 12.1268 | 1597s
step 107000 | train loss 0.0637 | train acc 0.977 | val loss 1.0818 | val acc 0.756 | ‖g‖ 8.1294 | 1598s
step 107100 | train loss 0.1082 | train acc 0.969 | val loss 1.1741 | val acc 0.746 | ‖g‖ 9.9082 | 1600s
step 107200 | train loss 0.0188 | train acc 1.000 | val loss 1.0786 | val acc 0.775 | ‖g‖ 3.8721 | 1601s
step 107300 | train loss 0.0322 | train acc 1.000 | val loss 1.2765 | val acc 0.744 | ‖g‖ 6.0014 | 1602s
step 107400 | train loss 0.0972 | train acc 0.977 | val loss 1.0171 | val acc 0.754 | ‖g‖ 8.0724 | 1604s
step 107500 | train loss 0.0970 | train acc 0.977 | val loss 1.0856 | val acc 0.750 | ‖g‖ 12.7644 | 1605s
step 107600 | train loss 0.0617 | train acc 0.977 | val loss 1.0299 | val acc 0.777 | ‖g‖ 12.6541 | 1607s
step 107700 | train loss 0.0158 | train acc 1.000 | val loss 1.1291 | val acc 0.767 | ‖g‖ 2.4770 | 1608s
step 107800 | train loss 0.0222 | train acc 1.000 | val loss 1.1098 | val acc 0.746 | ‖g‖ 2.0178 | 1610s
step 107900 | train loss 0.0106 | train acc 1.000 | val loss 1.1403 | val acc 0.765 | ‖g‖ 2.4125 | 1611s
step 108000 | train loss 0.0753 | train acc 0.984 | val loss 0.8809 | val acc 0.777 | ‖g‖ 7.6490 | 1613s
step 108100 | train loss 0.0476 | train acc 0.984 | val loss 1.0358 | val acc 0.773 | ‖g‖ 4.1784 | 1614s
step 108200 | train loss 0.0169 | train acc 1.000 | val loss 1.2206 | val acc 0.756 | ‖g‖ 2.5329 | 1616s
step 108300 | train loss 0.0520 | train acc 0.977 | val loss 0.8409 | val acc 0.800 | ‖g‖ 7.3725 | 1617s
step 108400 | train loss 0.0496 | train acc 0.984 | val loss 0.9232 | val acc 0.765 | ‖g‖ 4.2182 | 1619s
step 108500 | train loss 0.0563 | train acc 0.977 | val loss 0.9007 | val acc 0.783 | ‖g‖ 6.2937 | 1620s
step 108600 | train loss 0.0078 | train acc 1.000 | val loss 1.0581 | val acc 0.783 | ‖g‖ 0.7705 | 1622s
step 108700 | train loss 0.0052 | train acc 1.000 | val loss 1.0795 | val acc 0.777 | ‖g‖ 0.8329 | 1623s
step 108800 | train loss 0.0191 | train acc 0.992 | val loss 1.1430 | val acc 0.775 | ‖g‖ 4.8880 | 1625s
step 108900 | train loss 0.0810 | train acc 0.961 | val loss 0.8253 | val acc 0.783 | ‖g‖ 7.5845 | 1626s
step 109000 | train loss 0.0256 | train acc 0.992 | val loss 0.9094 | val acc 0.794 | ‖g‖ 2.8684 | 1627s
step 109100 | train loss 0.0710 | train acc 0.977 | val loss 1.0045 | val acc 0.777 | ‖g‖ 7.1007 | 1629s
step 109200 | train loss 0.1090 | train acc 0.961 | val loss 0.9329 | val acc 0.802 | ‖g‖ 6.9965 | 1630s
step 109300 | train loss 0.0645 | train acc 0.977 | val loss 0.8778 | val acc 0.802 | ‖g‖ 4.5141 | 1632s
step 109400 | train loss 0.1059 | train acc 0.961 | val loss 0.8339 | val acc 0.800 | ‖g‖ 11.6900 | 1633s
step 109500 | train loss 0.0802 | train acc 0.977 | val loss 0.9835 | val acc 0.787 | ‖g‖ 6.7162 | 1635s
step 109600 | train loss 0.0890 | train acc 0.984 | val loss 1.0089 | val acc 0.771 | ‖g‖ 8.8429 | 1636s
step 109700 | train loss 0.0215 | train acc 1.000 | val loss 0.9867 | val acc 0.796 | ‖g‖ 3.5649 | 1637s
step 109800 | train loss 0.0902 | train acc 0.953 | val loss 0.9348 | val acc 0.790 | ‖g‖ 8.4296 | 1639s
step 109900 | train loss 0.0745 | train acc 0.961 | val loss 0.9564 | val acc 0.790 | ‖g‖ 9.6876 | 1640s
step 110000 | train loss 0.1289 | train acc 0.922 | val loss 0.9696 | val acc 0.787 | ‖g‖ 12.5948 | 1642s
step 110100 | train loss 0.0588 | train acc 0.984 | val loss 0.9500 | val acc 0.765 | ‖g‖ 7.3415 | 1643s
step 110200 | train loss 0.0508 | train acc 0.977 | val loss 0.9688 | val acc 0.804 | ‖g‖ 9.0050 | 1645s
step 110300 | train loss 0.0306 | train acc 0.992 | val loss 0.9271 | val acc 0.787 | ‖g‖ 6.1324 | 1646s
step 110400 | train loss 0.0374 | train acc 1.000 | val loss 0.9540 | val acc 0.787 | ‖g‖ 3.8422 | 1647s
step 110500 | train loss 0.1054 | train acc 0.961 | val loss 0.9878 | val acc 0.790 | ‖g‖ 12.0842 | 1649s
step 110600 | train loss 0.0405 | train acc 0.992 | val loss 0.9193 | val acc 0.787 | ‖g‖ 6.3529 | 1650s
step 110700 | train loss 0.1314 | train acc 0.961 | val loss 0.9525 | val acc 0.787 | ‖g‖ 12.0023 | 1652s
step 110800 | train loss 0.0219 | train acc 1.000 | val loss 0.9960 | val acc 0.779 | ‖g‖ 2.2853 | 1653s
step 110900 | train loss 0.0052 | train acc 1.000 | val loss 0.9609 | val acc 0.798 | ‖g‖ 0.5893 | 1654s
step 111000 | train loss 0.0043 | train acc 1.000 | val loss 1.0475 | val acc 0.790 | ‖g‖ 0.9007 | 1656s
step 111100 | train loss 0.0931 | train acc 0.984 | val loss 0.8175 | val acc 0.794 | ‖g‖ 6.4478 | 1657s
step 111200 | train loss 0.0652 | train acc 0.977 | val loss 0.8210 | val acc 0.808 | ‖g‖ 7.5504 | 1659s
step 111300 | train loss 0.0719 | train acc 0.969 | val loss 0.8496 | val acc 0.800 | ‖g‖ 8.3091 | 1660s
step 111400 | train loss 0.0384 | train acc 0.984 | val loss 0.8191 | val acc 0.829 | ‖g‖ 5.7300 | 1661s
step 111500 | train loss 0.0676 | train acc 0.969 | val loss 0.7824 | val acc 0.825 | ‖g‖ 6.9392 | 1663s
step 111600 | train loss 0.0043 | train acc 1.000 | val loss 0.8895 | val acc 0.812 | ‖g‖ 0.8994 | 1664s
step 111700 | train loss 0.0080 | train acc 1.000 | val loss 0.9547 | val acc 0.800 | ‖g‖ 1.7046 | 1666s
step 111800 | train loss 0.1333 | train acc 0.938 | val loss 0.9833 | val acc 0.762 | ‖g‖ 16.3044 | 1667s
step 111900 | train loss 0.1140 | train acc 0.969 | val loss 0.9012 | val acc 0.792 | ‖g‖ 8.4792 | 1669s
step 112000 | train loss 0.0286 | train acc 1.000 | val loss 0.8908 | val acc 0.781 | ‖g‖ 4.5034 | 1670s
step 112100 | train loss 0.0345 | train acc 0.992 | val loss 0.8653 | val acc 0.792 | ‖g‖ 3.0822 | 1672s
step 112200 | train loss 0.0746 | train acc 0.977 | val loss 0.9015 | val acc 0.808 | ‖g‖ 8.9694 | 1673s
step 112300 | train loss 0.0144 | train acc 0.992 | val loss 0.9293 | val acc 0.819 | ‖g‖ 2.4961 | 1675s
step 112400 | train loss 0.0054 | train acc 1.000 | val loss 0.9483 | val acc 0.817 | ‖g‖ 0.6598 | 1676s
step 112500 | train loss 0.0827 | train acc 0.969 | val loss 1.0150 | val acc 0.779 | ‖g‖ 12.7234 | 1678s
step 112600 | train loss 0.0656 | train acc 0.984 | val loss 0.8097 | val acc 0.817 | ‖g‖ 9.5262 | 1679s
step 112700 | train loss 0.1187 | train acc 0.938 | val loss 0.8919 | val acc 0.798 | ‖g‖ 10.4494 | 1681s
step 112800 | train loss 0.0201 | train acc 1.000 | val loss 0.8954 | val acc 0.794 | ‖g‖ 3.7275 | 1682s
step 112900 | train loss 0.0085 | train acc 1.000 | val loss 0.8614 | val acc 0.825 | ‖g‖ 1.0498 | 1684s
step 113000 | train loss 0.1354 | train acc 0.953 | val loss 0.7940 | val acc 0.800 | ‖g‖ 12.0555 | 1685s
step 113100 | train loss 0.0476 | train acc 0.992 | val loss 0.9013 | val acc 0.802 | ‖g‖ 5.0279 | 1687s
step 113200 | train loss 0.1179 | train acc 0.945 | val loss 0.8009 | val acc 0.800 | ‖g‖ 16.2896 | 1688s
step 113300 | train loss 0.0294 | train acc 0.992 | val loss 0.8965 | val acc 0.815 | ‖g‖ 5.2448 | 1690s
step 113400 | train loss 0.0497 | train acc 0.992 | val loss 1.0044 | val acc 0.777 | ‖g‖ 4.8402 | 1691s
step 113500 | train loss 0.0270 | train acc 1.000 | val loss 0.8333 | val acc 0.802 | ‖g‖ 3.9034 | 1692s
step 113600 | train loss 0.0172 | train acc 0.992 | val loss 1.0162 | val acc 0.792 | ‖g‖ 3.5990 | 1694s
step 113700 | train loss 0.2201 | train acc 0.906 | val loss 0.9002 | val acc 0.787 | ‖g‖ 17.4491 | 1695s
step 113800 | train loss 0.0253 | train acc 1.000 | val loss 0.9610 | val acc 0.798 | ‖g‖ 3.7036 | 1697s
step 113900 | train loss 0.0137 | train acc 1.000 | val loss 0.9370 | val acc 0.808 | ‖g‖ 2.6089 | 1698s
step 114000 | train loss 0.1256 | train acc 0.961 | val loss 0.9103 | val acc 0.775 | ‖g‖ 8.2617 | 1700s
step 114100 | train loss 0.0713 | train acc 0.969 | val loss 0.7345 | val acc 0.827 | ‖g‖ 8.0903 | 1701s
step 114200 | train loss 0.0566 | train acc 0.977 | val loss 0.9098 | val acc 0.810 | ‖g‖ 11.5532 | 1703s
step 114300 | train loss 0.0364 | train acc 0.992 | val loss 0.9798 | val acc 0.792 | ‖g‖ 5.7114 | 1704s
step 114400 | train loss 0.0431 | train acc 0.984 | val loss 0.8137 | val acc 0.819 | ‖g‖ 4.5526 | 1706s
step 114500 | train loss 0.0352 | train acc 0.992 | val loss 0.8589 | val acc 0.792 | ‖g‖ 4.3615 | 1707s
step 114600 | train loss 0.0753 | train acc 0.984 | val loss 0.8274 | val acc 0.829 | ‖g‖ 6.6131 | 1709s
step 114700 | train loss 0.0184 | train acc 1.000 | val loss 0.8698 | val acc 0.819 | ‖g‖ 3.1247 | 1710s
step 114800 | train loss 0.0036 | train acc 1.000 | val loss 0.9090 | val acc 0.825 | ‖g‖ 0.4597 | 1711s
step 114900 | train loss 0.0037 | train acc 1.000 | val loss 0.9622 | val acc 0.815 | ‖g‖ 0.4968 | 1713s
step 115000 | train loss 0.1277 | train acc 0.953 | val loss 0.8243 | val acc 0.783 | ‖g‖ 8.4346 | 1714s
step 115100 | train loss 0.0248 | train acc 1.000 | val loss 0.7934 | val acc 0.808 | ‖g‖ 2.2187 | 1716s
step 115200 | train loss 0.0046 | train acc 1.000 | val loss 0.9490 | val acc 0.812 | ‖g‖ 0.7245 | 1717s
step 115300 | train loss 0.0150 | train acc 1.000 | val loss 0.9489 | val acc 0.804 | ‖g‖ 3.5432 | 1719s
step 115400 | train loss 0.0934 | train acc 0.961 | val loss 0.6492 | val acc 0.815 | ‖g‖ 6.8834 | 1720s
step 115500 | train loss 0.0536 | train acc 0.984 | val loss 0.8665 | val acc 0.792 | ‖g‖ 5.2535 | 1721s
step 115600 | train loss 0.1149 | train acc 0.961 | val loss 0.8730 | val acc 0.785 | ‖g‖ 8.4353 | 1723s
step 115700 | train loss 0.0199 | train acc 0.992 | val loss 0.9363 | val acc 0.806 | ‖g‖ 3.7890 | 1724s
step 115800 | train loss 0.1552 | train acc 0.945 | val loss 0.7878 | val acc 0.794 | ‖g‖ 15.0296 | 1726s
step 115900 | train loss 0.0203 | train acc 1.000 | val loss 0.9341 | val acc 0.819 | ‖g‖ 3.8095 | 1727s
step 116000 | train loss 0.0177 | train acc 1.000 | val loss 0.9117 | val acc 0.821 | ‖g‖ 4.8605 | 1729s
step 116100 | train loss 0.1056 | train acc 0.961 | val loss 0.8935 | val acc 0.806 | ‖g‖ 7.0642 | 1730s
step 116200 | train loss 0.0210 | train acc 1.000 | val loss 0.7396 | val acc 0.823 | ‖g‖ 2.3484 | 1732s
step 116300 | train loss 0.0253 | train acc 1.000 | val loss 0.9144 | val acc 0.812 | ‖g‖ 3.8276 | 1733s
step 116400 | train loss 0.0427 | train acc 0.984 | val loss 0.8647 | val acc 0.806 | ‖g‖ 8.6018 | 1735s
step 116500 | train loss 0.0430 | train acc 0.984 | val loss 0.7368 | val acc 0.825 | ‖g‖ 4.1353 | 1736s
step 116600 | train loss 0.0129 | train acc 1.000 | val loss 0.8994 | val acc 0.819 | ‖g‖ 1.4831 | 1738s
step 116700 | train loss 0.0112 | train acc 1.000 | val loss 0.9216 | val acc 0.819 | ‖g‖ 2.6631 | 1739s
step 116800 | train loss 0.0050 | train acc 1.000 | val loss 0.9379 | val acc 0.815 | ‖g‖ 1.3977 | 1740s
step 116900 | train loss 0.1217 | train acc 0.969 | val loss 0.5943 | val acc 0.808 | ‖g‖ 5.2279 | 1742s
step 117000 | train loss 0.1465 | train acc 0.953 | val loss 0.8242 | val acc 0.775 | ‖g‖ 9.2932 | 1743s
step 117100 | train loss 0.0469 | train acc 0.984 | val loss 0.7542 | val acc 0.823 | ‖g‖ 6.5668 | 1745s
step 117200 | train loss 0.0401 | train acc 0.977 | val loss 0.8437 | val acc 0.817 | ‖g‖ 5.3005 | 1746s
step 117300 | train loss 0.0110 | train acc 1.000 | val loss 0.7674 | val acc 0.815 | ‖g‖ 0.9822 | 1748s
step 117400 | train loss 0.0384 | train acc 0.992 | val loss 0.9429 | val acc 0.810 | ‖g‖ 4.5311 | 1749s
step 117500 | train loss 0.0632 | train acc 0.977 | val loss 0.9271 | val acc 0.800 | ‖g‖ 6.6786 | 1751s
step 117600 | train loss 0.0182 | train acc 1.000 | val loss 0.9302 | val acc 0.806 | ‖g‖ 2.5040 | 1752s
step 117700 | train loss 0.1296 | train acc 0.969 | val loss 0.9318 | val acc 0.798 | ‖g‖ 15.7823 | 1754s
step 117800 | train loss 0.0868 | train acc 0.969 | val loss 0.9326 | val acc 0.806 | ‖g‖ 10.2067 | 1755s
step 117900 | train loss 0.0326 | train acc 0.992 | val loss 0.9236 | val acc 0.812 | ‖g‖ 3.7979 | 1756s
step 118000 | train loss 0.0205 | train acc 1.000 | val loss 0.7917 | val acc 0.819 | ‖g‖ 2.1433 | 1758s
step 118100 | train loss 0.0233 | train acc 1.000 | val loss 0.8016 | val acc 0.810 | ‖g‖ 3.1369 | 1759s
step 118200 | train loss 0.0470 | train acc 0.992 | val loss 0.9767 | val acc 0.804 | ‖g‖ 8.1224 | 1761s
step 118300 | train loss 0.0353 | train acc 0.984 | val loss 1.0044 | val acc 0.810 | ‖g‖ 6.2979 | 1762s
step 118400 | train loss 0.1345 | train acc 0.953 | val loss 0.8188 | val acc 0.800 | ‖g‖ 10.9469 | 1764s
step 118500 | train loss 0.2148 | train acc 0.938 | val loss 1.0685 | val acc 0.804 | ‖g‖ 14.4527 | 1765s
step 118600 | train loss 0.0271 | train acc 0.992 | val loss 0.8815 | val acc 0.827 | ‖g‖ 1.7242 | 1767s
step 118700 | train loss 0.0585 | train acc 0.992 | val loss 0.8745 | val acc 0.798 | ‖g‖ 10.1224 | 1768s
step 118800 | train loss 0.0077 | train acc 1.000 | val loss 0.9654 | val acc 0.802 | ‖g‖ 0.7987 | 1770s
step 118900 | train loss 0.0306 | train acc 1.000 | val loss 0.9516 | val acc 0.804 | ‖g‖ 2.9134 | 1771s
step 119000 | train loss 0.0577 | train acc 0.977 | val loss 0.8520 | val acc 0.817 | ‖g‖ 6.7805 | 1773s
step 119100 | train loss 0.0057 | train acc 1.000 | val loss 0.9452 | val acc 0.821 | ‖g‖ 1.2714 | 1774s
step 119200 | train loss 0.0075 | train acc 1.000 | val loss 1.0197 | val acc 0.806 | ‖g‖ 1.5043 | 1775s
step 119300 | train loss 0.0701 | train acc 0.969 | val loss 0.8200 | val acc 0.798 | ‖g‖ 6.2375 | 1777s
step 119400 | train loss 0.1533 | train acc 0.938 | val loss 0.9040 | val acc 0.804 | ‖g‖ 10.5079 | 1778s
step 119500 | train loss 0.0373 | train acc 0.984 | val loss 0.8067 | val acc 0.819 | ‖g‖ 5.7175 | 1780s
step 119600 | train loss 0.0923 | train acc 0.961 | val loss 0.7973 | val acc 0.800 | ‖g‖ 9.5319 | 1781s
step 119700 | train loss 0.0423 | train acc 0.984 | val loss 0.9441 | val acc 0.808 | ‖g‖ 7.0527 | 1782s
step 119800 | train loss 0.0441 | train acc 0.984 | val loss 1.0652 | val acc 0.781 | ‖g‖ 5.8495 | 1784s
step 119900 | train loss 0.0699 | train acc 0.984 | val loss 0.8637 | val acc 0.823 | ‖g‖ 8.3708 | 1785s
step 120000 | train loss 0.0257 | train acc 0.992 | val loss 0.9265 | val acc 0.810 | ‖g‖ 3.6719 | 1787s
step 120100 | train loss 0.0363 | train acc 0.992 | val loss 0.9095 | val acc 0.804 | ‖g‖ 4.4203 | 1788s
step 120200 | train loss 0.0302 | train acc 0.992 | val loss 0.9919 | val acc 0.794 | ‖g‖ 4.7020 | 1790s
step 120300 | train loss 0.0496 | train acc 0.984 | val loss 0.8431 | val acc 0.798 | ‖g‖ 6.3500 | 1791s
step 120400 | train loss 0.0037 | train acc 1.000 | val loss 0.9333 | val acc 0.819 | ‖g‖ 0.3670 | 1793s
step 120500 | train loss 0.0094 | train acc 1.000 | val loss 0.9519 | val acc 0.812 | ‖g‖ 1.0458 | 1794s
step 120600 | train loss 0.0749 | train acc 0.984 | val loss 0.8840 | val acc 0.819 | ‖g‖ 6.1983 | 1796s
step 120700 | train loss 0.0598 | train acc 0.977 | val loss 0.8982 | val acc 0.819 | ‖g‖ 5.5881 | 1797s
step 120800 | train loss 0.0876 | train acc 0.977 | val loss 0.9027 | val acc 0.804 | ‖g‖ 11.3303 | 1799s
step 120900 | train loss 0.0334 | train acc 1.000 | val loss 0.8668 | val acc 0.810 | ‖g‖ 5.3769 | 1800s
step 121000 | train loss 0.0066 | train acc 1.000 | val loss 0.8631 | val acc 0.823 | ‖g‖ 0.9685 | 1802s
step 121100 | train loss 0.2184 | train acc 0.914 | val loss 0.7118 | val acc 0.827 | ‖g‖ 13.3389 | 1804s
step 121200 | train loss 0.0159 | train acc 1.000 | val loss 0.8883 | val acc 0.808 | ‖g‖ 2.1762 | 1805s
step 121300 | train loss 0.0431 | train acc 0.977 | val loss 0.8093 | val acc 0.810 | ‖g‖ 4.3908 | 1807s
step 121400 | train loss 0.0962 | train acc 0.984 | val loss 0.9295 | val acc 0.787 | ‖g‖ 9.9346 | 1808s
step 121500 | train loss 0.0277 | train acc 1.000 | val loss 0.8709 | val acc 0.817 | ‖g‖ 2.2680 | 1810s
step 121600 | train loss 0.0673 | train acc 0.984 | val loss 0.8494 | val acc 0.812 | ‖g‖ 9.2879 | 1811s
step 121700 | train loss 0.1020 | train acc 0.977 | val loss 0.7732 | val acc 0.821 | ‖g‖ 7.3274 | 1813s
step 121800 | train loss 0.1161 | train acc 0.961 | val loss 0.9558 | val acc 0.790 | ‖g‖ 12.6983 | 1814s
step 121900 | train loss 0.0084 | train acc 1.000 | val loss 0.9165 | val acc 0.821 | ‖g‖ 0.6828 | 1816s
step 122000 | train loss 0.0162 | train acc 1.000 | val loss 0.9019 | val acc 0.798 | ‖g‖ 2.2718 | 1817s
step 122100 | train loss 0.0313 | train acc 0.992 | val loss 0.8945 | val acc 0.804 | ‖g‖ 3.7774 | 1818s
step 122200 | train loss 0.0115 | train acc 1.000 | val loss 0.9202 | val acc 0.812 | ‖g‖ 2.8878 | 1820s
step 122300 | train loss 0.0062 | train acc 1.000 | val loss 0.9385 | val acc 0.812 | ‖g‖ 2.2466 | 1821s
step 122400 | train loss 0.0062 | train acc 1.000 | val loss 0.9397 | val acc 0.812 | ‖g‖ 1.0411 | 1823s
step 122500 | train loss 0.0903 | train acc 0.984 | val loss 0.8763 | val acc 0.794 | ‖g‖ 5.5140 | 1824s
step 122600 | train loss 0.0507 | train acc 0.984 | val loss 0.8870 | val acc 0.806 | ‖g‖ 4.6760 | 1826s
step 122700 | train loss 0.0516 | train acc 0.984 | val loss 0.9603 | val acc 0.785 | ‖g‖ 5.7226 | 1827s
step 122800 | train loss 0.0891 | train acc 0.977 | val loss 0.8051 | val acc 0.825 | ‖g‖ 9.8906 | 1829s
step 122900 | train loss 0.0250 | train acc 0.992 | val loss 0.8516 | val acc 0.817 | ‖g‖ 2.9722 | 1830s
step 123000 | train loss 0.0388 | train acc 1.000 | val loss 0.9571 | val acc 0.812 | ‖g‖ 5.2024 | 1831s
step 123100 | train loss 0.0845 | train acc 0.961 | val loss 0.7964 | val acc 0.817 | ‖g‖ 8.4897 | 1833s
step 123200 | train loss 0.0415 | train acc 0.992 | val loss 0.9142 | val acc 0.823 | ‖g‖ 5.5623 | 1834s
step 123300 | train loss 0.0419 | train acc 0.984 | val loss 0.7784 | val acc 0.817 | ‖g‖ 5.5345 | 1836s
step 123400 | train loss 0.0223 | train acc 1.000 | val loss 0.9016 | val acc 0.802 | ‖g‖ 2.4653 | 1837s
step 123500 | train loss 0.0159 | train acc 1.000 | val loss 0.8382 | val acc 0.806 | ‖g‖ 1.6641 | 1839s
step 123600 | train loss 0.0544 | train acc 0.969 | val loss 0.9571 | val acc 0.800 | ‖g‖ 5.4160 | 1840s
step 123700 | train loss 0.0448 | train acc 0.984 | val loss 0.8772 | val acc 0.812 | ‖g‖ 6.4437 | 1842s
step 123800 | train loss 0.0235 | train acc 1.000 | val loss 0.9160 | val acc 0.800 | ‖g‖ 2.6785 | 1843s
step 123900 | train loss 0.0755 | train acc 0.984 | val loss 0.8049 | val acc 0.808 | ‖g‖ 6.2840 | 1845s
step 124000 | train loss 0.1133 | train acc 0.961 | val loss 1.1051 | val acc 0.758 | ‖g‖ 9.9048 | 1846s
step 124100 | train loss 0.0803 | train acc 0.961 | val loss 0.9262 | val acc 0.808 | ‖g‖ 9.2795 | 1848s
step 124200 | train loss 0.0080 | train acc 1.000 | val loss 0.9139 | val acc 0.808 | ‖g‖ 1.1039 | 1849s
step 124300 | train loss 0.0313 | train acc 0.992 | val loss 0.9562 | val acc 0.810 | ‖g‖ 4.2097 | 1851s
step 124400 | train loss 0.0179 | train acc 1.000 | val loss 0.9126 | val acc 0.810 | ‖g‖ 2.2022 | 1852s
step 124500 | train loss 0.0496 | train acc 0.992 | val loss 0.9326 | val acc 0.796 | ‖g‖ 7.3399 | 1854s
step 124600 | train loss 0.0375 | train acc 0.992 | val loss 0.9978 | val acc 0.804 | ‖g‖ 4.7775 | 1855s
step 124700 | train loss 0.0321 | train acc 0.984 | val loss 0.8514 | val acc 0.819 | ‖g‖ 5.9653 | 1857s
step 124800 | train loss 0.0738 | train acc 0.977 | val loss 0.8697 | val acc 0.804 | ‖g‖ 10.2772 | 1858s
step 124900 | train loss 0.0200 | train acc 0.992 | val loss 0.8777 | val acc 0.806 | ‖g‖ 3.0605 | 1860s
step 125000 | train loss 0.0046 | train acc 1.000 | val loss 0.8962 | val acc 0.817 | ‖g‖ 0.3780 | 1861s
step 125100 | train loss 0.0078 | train acc 1.000 | val loss 0.9391 | val acc 0.821 | ‖g‖ 1.2621 | 1862s
step 125200 | train loss 0.0878 | train acc 0.969 | val loss 0.8109 | val acc 0.792 | ‖g‖ 6.2771 | 1864s
step 125300 | train loss 0.0606 | train acc 0.969 | val loss 0.9288 | val acc 0.810 | ‖g‖ 10.7773 | 1865s
step 125400 | train loss 0.1196 | train acc 0.961 | val loss 0.8454 | val acc 0.802 | ‖g‖ 9.8387 | 1867s
step 125500 | train loss 0.0550 | train acc 0.984 | val loss 0.9182 | val acc 0.804 | ‖g‖ 6.7582 | 1868s
step 125600 | train loss 0.0258 | train acc 0.992 | val loss 0.9446 | val acc 0.815 | ‖g‖ 6.9113 | 1869s
step 125700 | train loss 0.1722 | train acc 0.953 | val loss 0.9709 | val acc 0.773 | ‖g‖ 19.9127 | 1871s
step 125800 | train loss 0.0267 | train acc 1.000 | val loss 0.7982 | val acc 0.829 | ‖g‖ 4.2769 | 1872s
step 125900 | train loss 0.0219 | train acc 0.992 | val loss 0.9740 | val acc 0.819 | ‖g‖ 4.7695 | 1874s
step 126000 | train loss 0.1538 | train acc 0.945 | val loss 0.8804 | val acc 0.810 | ‖g‖ 12.3172 | 1875s
step 126100 | train loss 0.0305 | train acc 0.984 | val loss 0.8513 | val acc 0.792 | ‖g‖ 4.5445 | 1876s
step 126200 | train loss 0.0137 | train acc 1.000 | val loss 1.0100 | val acc 0.800 | ‖g‖ 2.1527 | 1878s
step 126300 | train loss 0.0640 | train acc 0.969 | val loss 0.9009 | val acc 0.810 | ‖g‖ 13.4931 | 1879s
step 126400 | train loss 0.0802 | train acc 0.969 | val loss 0.7203 | val acc 0.815 | ‖g‖ 6.8939 | 1881s
step 126500 | train loss 0.0239 | train acc 0.992 | val loss 0.8219 | val acc 0.802 | ‖g‖ 3.0511 | 1882s
step 126600 | train loss 0.0757 | train acc 0.961 | val loss 0.8164 | val acc 0.810 | ‖g‖ 6.3222 | 1884s
step 126700 | train loss 0.0057 | train acc 1.000 | val loss 0.9050 | val acc 0.817 | ‖g‖ 0.5943 | 1885s
step 126800 | train loss 0.0910 | train acc 0.953 | val loss 1.0360 | val acc 0.790 | ‖g‖ 13.5984 | 1887s
step 126900 | train loss 0.0260 | train acc 1.000 | val loss 0.9491 | val acc 0.806 | ‖g‖ 3.2438 | 1889s
step 127000 | train loss 0.0450 | train acc 0.992 | val loss 0.8690 | val acc 0.796 | ‖g‖ 7.2814 | 1890s
step 127100 | train loss 0.0396 | train acc 0.992 | val loss 0.8090 | val acc 0.817 | ‖g‖ 3.8785 | 1892s
step 127200 | train loss 0.0292 | train acc 0.992 | val loss 0.9583 | val acc 0.796 | ‖g‖ 4.1715 | 1893s
step 127300 | train loss 0.0390 | train acc 0.984 | val loss 0.9052 | val acc 0.823 | ‖g‖ 6.3578 | 1895s
step 127400 | train loss 0.0554 | train acc 0.984 | val loss 0.9390 | val acc 0.815 | ‖g‖ 5.9060 | 1896s
step 127500 | train loss 0.0601 | train acc 0.984 | val loss 0.7840 | val acc 0.804 | ‖g‖ 5.5866 | 1898s
step 127600 | train loss 0.0495 | train acc 0.984 | val loss 0.9437 | val acc 0.785 | ‖g‖ 6.2796 | 1900s
step 127700 | train loss 0.0279 | train acc 0.984 | val loss 0.9237 | val acc 0.819 | ‖g‖ 3.3956 | 1901s
step 127800 | train loss 0.0084 | train acc 1.000 | val loss 1.0335 | val acc 0.808 | ‖g‖ 1.1253 | 1903s
step 127900 | train loss 0.0036 | train acc 1.000 | val loss 1.0023 | val acc 0.806 | ‖g‖ 0.3691 | 1904s
step 128000 | train loss 0.1436 | train acc 0.930 | val loss 0.7887 | val acc 0.804 | ‖g‖ 12.7232 | 1906s
step 128100 | train loss 0.1573 | train acc 0.938 | val loss 0.8960 | val acc 0.821 | ‖g‖ 20.0372 | 1907s
step 128200 | train loss 0.0135 | train acc 1.000 | val loss 0.7709 | val acc 0.815 | ‖g‖ 1.3351 | 1909s
step 128300 | train loss 0.0212 | train acc 1.000 | val loss 0.8815 | val acc 0.806 | ‖g‖ 3.2431 | 1910s
step 128400 | train loss 0.0254 | train acc 1.000 | val loss 0.8680 | val acc 0.806 | ‖g‖ 3.6431 | 1912s
step 128500 | train loss 0.0389 | train acc 1.000 | val loss 0.9093 | val acc 0.796 | ‖g‖ 5.4052 | 1913s
step 128600 | train loss 0.0386 | train acc 0.992 | val loss 0.8487 | val acc 0.806 | ‖g‖ 6.6448 | 1915s
step 128700 | train loss 0.0114 | train acc 1.000 | val loss 0.8803 | val acc 0.812 | ‖g‖ 1.6427 | 1916s
step 128800 | train loss 0.0043 | train acc 1.000 | val loss 0.9737 | val acc 0.823 | ‖g‖ 0.3987 | 1918s
step 128900 | train loss 0.0483 | train acc 0.992 | val loss 0.9593 | val acc 0.800 | ‖g‖ 8.6158 | 1919s
step 129000 | train loss 0.0255 | train acc 0.992 | val loss 0.7917 | val acc 0.812 | ‖g‖ 3.1378 | 1920s
step 129100 | train loss 0.0499 | train acc 0.984 | val loss 0.9929 | val acc 0.800 | ‖g‖ 5.6579 | 1922s
step 129200 | train loss 0.0171 | train acc 1.000 | val loss 0.7750 | val acc 0.808 | ‖g‖ 1.6592 | 1923s
step 129300 | train loss 0.0046 | train acc 1.000 | val loss 0.9955 | val acc 0.817 | ‖g‖ 0.7959 | 1925s
step 129400 | train loss 0.0130 | train acc 1.000 | val loss 1.0557 | val acc 0.802 | ‖g‖ 2.2959 | 1926s
step 129500 | train loss 0.2410 | train acc 0.906 | val loss 0.8350 | val acc 0.771 | ‖g‖ 13.7087 | 1927s
step 129600 | train loss 0.0337 | train acc 0.992 | val loss 0.7731 | val acc 0.821 | ‖g‖ 4.1176 | 1929s
step 129700 | train loss 0.0295 | train acc 0.992 | val loss 0.8303 | val acc 0.823 | ‖g‖ 4.1438 | 1930s
step 129800 | train loss 0.0418 | train acc 0.992 | val loss 0.9209 | val acc 0.810 | ‖g‖ 7.8481 | 1932s
step 129900 | train loss 0.0713 | train acc 0.984 | val loss 0.7920 | val acc 0.804 | ‖g‖ 7.5410 | 1933s
step 130000 | train loss 0.0636 | train acc 0.984 | val loss 0.9170 | val acc 0.794 | ‖g‖ 7.5721 | 1934s
step 130100 | train loss 0.0096 | train acc 1.000 | val loss 0.8934 | val acc 0.817 | ‖g‖ 1.3808 | 1936s
step 130200 | train loss 0.0336 | train acc 0.992 | val loss 0.7818 | val acc 0.825 | ‖g‖ 3.8600 | 1937s
step 130300 | train loss 0.0136 | train acc 1.000 | val loss 0.9385 | val acc 0.819 | ‖g‖ 2.1102 | 1939s
step 130400 | train loss 0.0097 | train acc 1.000 | val loss 1.0198 | val acc 0.810 | ‖g‖ 1.3617 | 1941s
step 130500 | train loss 0.0427 | train acc 0.977 | val loss 0.9452 | val acc 0.802 | ‖g‖ 8.7401 | 1942s
step 130600 | train loss 0.1605 | train acc 0.977 | val loss 0.7305 | val acc 0.812 | ‖g‖ 7.9760 | 1944s
step 130700 | train loss 0.0116 | train acc 1.000 | val loss 0.8693 | val acc 0.810 | ‖g‖ 1.9155 | 1946s
step 130800 | train loss 0.0107 | train acc 1.000 | val loss 0.9601 | val acc 0.806 | ‖g‖ 2.7280 | 1948s
step 130900 | train loss 0.0625 | train acc 0.984 | val loss 0.9715 | val acc 0.783 | ‖g‖ 9.0641 | 1950s
step 131000 | train loss 0.0588 | train acc 0.992 | val loss 0.8184 | val acc 0.810 | ‖g‖ 6.2897 | 1952s
step 131100 | train loss 0.0477 | train acc 0.992 | val loss 0.9011 | val acc 0.787 | ‖g‖ 4.4592 | 1953s
step 131200 | train loss 0.0337 | train acc 0.984 | val loss 0.9079 | val acc 0.817 | ‖g‖ 7.0354 | 1955s
step 131300 | train loss 0.0675 | train acc 0.977 | val loss 0.7792 | val acc 0.800 | ‖g‖ 6.3723 | 1957s
step 131400 | train loss 0.0165 | train acc 0.992 | val loss 0.9279 | val acc 0.804 | ‖g‖ 2.5152 | 1959s
step 131500 | train loss 0.0234 | train acc 0.984 | val loss 0.9956 | val acc 0.792 | ‖g‖ 5.6987 | 1961s
step 131600 | train loss 0.0699 | train acc 0.992 | val loss 0.8097 | val acc 0.806 | ‖g‖ 6.4649 | 1962s
step 131700 | train loss 0.0482 | train acc 0.969 | val loss 0.8006 | val acc 0.817 | ‖g‖ 5.6444 | 1964s
step 131800 | train loss 0.1136 | train acc 0.961 | val loss 0.8452 | val acc 0.810 | ‖g‖ 9.7811 | 1966s
step 131900 | train loss 0.0103 | train acc 1.000 | val loss 0.8401 | val acc 0.823 | ‖g‖ 1.1211 | 1968s
step 132000 | train loss 0.0852 | train acc 0.977 | val loss 0.8677 | val acc 0.827 | ‖g‖ 9.8570 | 1970s
step 132100 | train loss 0.0157 | train acc 1.000 | val loss 0.8824 | val acc 0.808 | ‖g‖ 2.3773 | 1971s
step 132200 | train loss 0.0397 | train acc 0.984 | val loss 0.9087 | val acc 0.796 | ‖g‖ 5.8440 | 1973s
step 132300 | train loss 0.0806 | train acc 0.977 | val loss 1.0136 | val acc 0.804 | ‖g‖ 7.6207 | 1975s
step 132400 | train loss 0.0437 | train acc 0.992 | val loss 0.7949 | val acc 0.794 | ‖g‖ 2.7765 | 1977s
step 132500 | train loss 0.0184 | train acc 0.992 | val loss 0.8811 | val acc 0.806 | ‖g‖ 5.1274 | 1978s
step 132600 | train loss 0.0305 | train acc 0.984 | val loss 0.8929 | val acc 0.796 | ‖g‖ 3.8507 | 1980s
step 132700 | train loss 0.0143 | train acc 0.992 | val loss 0.8035 | val acc 0.800 | ‖g‖ 2.7121 | 1981s
step 132800 | train loss 0.0131 | train acc 1.000 | val loss 0.9065 | val acc 0.812 | ‖g‖ 3.8461 | 1983s
step 132900 | train loss 0.0590 | train acc 0.984 | val loss 0.8157 | val acc 0.800 | ‖g‖ 5.7269 | 1985s
step 133000 | train loss 0.0290 | train acc 0.984 | val loss 1.0255 | val acc 0.806 | ‖g‖ 8.3261 | 1987s
step 133100 | train loss 0.0417 | train acc 0.984 | val loss 0.9896 | val acc 0.798 | ‖g‖ 7.0213 | 1988s
step 133200 | train loss 0.1008 | train acc 0.961 | val loss 0.7612 | val acc 0.785 | ‖g‖ 7.3715 | 1990s
step 133300 | train loss 0.0169 | train acc 0.992 | val loss 0.9384 | val acc 0.800 | ‖g‖ 1.6380 | 1991s
step 133400 | train loss 0.0231 | train acc 0.984 | val loss 0.9620 | val acc 0.806 | ‖g‖ 4.5648 | 1993s
step 133500 | train loss 0.0507 | train acc 0.984 | val loss 0.9418 | val acc 0.806 | ‖g‖ 7.0575 | 1995s
step 133600 | train loss 0.0659 | train acc 0.977 | val loss 0.8375 | val acc 0.800 | ‖g‖ 5.5064 | 1996s
step 133700 | train loss 0.0204 | train acc 0.992 | val loss 0.9246 | val acc 0.806 | ‖g‖ 3.2628 | 1999s
step 133800 | train loss 0.0137 | train acc 1.000 | val loss 0.9103 | val acc 0.808 | ‖g‖ 2.3773 | 2001s
step 133900 | train loss 0.0789 | train acc 0.977 | val loss 0.8242 | val acc 0.781 | ‖g‖ 5.1851 | 2003s
step 134000 | train loss 0.0099 | train acc 1.000 | val loss 0.9339 | val acc 0.815 | ‖g‖ 1.1891 | 2004s
step 134100 | train loss 0.0616 | train acc 0.977 | val loss 0.8080 | val acc 0.812 | ‖g‖ 5.6386 | 2006s
step 134200 | train loss 0.0235 | train acc 1.000 | val loss 0.8003 | val acc 0.817 | ‖g‖ 3.8050 | 2007s
step 134300 | train loss 0.0045 | train acc 1.000 | val loss 0.9317 | val acc 0.817 | ‖g‖ 0.6013 | 2009s
step 134400 | train loss 0.0060 | train acc 1.000 | val loss 0.9654 | val acc 0.821 | ‖g‖ 0.9477 | 2010s
step 134500 | train loss 0.0065 | train acc 1.000 | val loss 0.9599 | val acc 0.806 | ‖g‖ 0.9806 | 2012s
step 134600 | train loss 0.1128 | train acc 0.953 | val loss 0.8308 | val acc 0.808 | ‖g‖ 11.6278 | 2015s
step 134700 | train loss 0.0409 | train acc 0.992 | val loss 0.7837 | val acc 0.802 | ‖g‖ 4.0603 | 2016s
step 134800 | train loss 0.1795 | train acc 0.930 | val loss 0.8673 | val acc 0.792 | ‖g‖ 12.6279 | 2018s
step 134900 | train loss 0.0828 | train acc 0.984 | val loss 0.9340 | val acc 0.819 | ‖g‖ 9.9502 | 2019s
step 135000 | train loss 0.0587 | train acc 0.977 | val loss 0.9810 | val acc 0.792 | ‖g‖ 9.5825 | 2021s
step 135100 | train loss 0.0875 | train acc 0.969 | val loss 0.7238 | val acc 0.812 | ‖g‖ 11.6840 | 2023s
step 135200 | train loss 0.0236 | train acc 0.992 | val loss 0.8943 | val acc 0.810 | ‖g‖ 3.4572 | 2024s
step 135300 | train loss 0.2039 | train acc 0.938 | val loss 1.0148 | val acc 0.787 | ‖g‖ 15.1023 | 2026s
step 135400 | train loss 0.0474 | train acc 0.984 | val loss 0.7699 | val acc 0.817 | ‖g‖ 5.9123 | 2028s
step 135500 | train loss 0.0364 | train acc 0.984 | val loss 0.8283 | val acc 0.812 | ‖g‖ 5.4681 | 2030s
step 135600 | train loss 0.0490 | train acc 0.984 | val loss 0.7848 | val acc 0.823 | ‖g‖ 7.7855 | 2031s
step 135700 | train loss 0.0201 | train acc 0.992 | val loss 0.8498 | val acc 0.810 | ‖g‖ 2.9817 | 2033s
step 135800 | train loss 0.0184 | train acc 1.000 | val loss 0.9390 | val acc 0.806 | ‖g‖ 1.8524 | 2034s
step 135900 | train loss 0.0785 | train acc 0.969 | val loss 0.9443 | val acc 0.769 | ‖g‖ 10.8510 | 2050s
step 136000 | train loss 0.1068 | train acc 0.961 | val loss 0.8443 | val acc 0.808 | ‖g‖ 9.9545 | 2051s
step 136100 | train loss 0.0321 | train acc 0.992 | val loss 0.9210 | val acc 0.815 | ‖g‖ 6.1337 | 2053s
step 136200 | train loss 0.0233 | train acc 1.000 | val loss 0.9372 | val acc 0.802 | ‖g‖ 3.7500 | 2054s
step 136300 | train loss 0.0272 | train acc 0.992 | val loss 0.8113 | val acc 0.806 | ‖g‖ 3.4981 | 2055s
step 136400 | train loss 0.0052 | train acc 1.000 | val loss 0.9048 | val acc 0.810 | ‖g‖ 0.7805 | 2057s
step 136500 | train loss 0.0886 | train acc 0.969 | val loss 0.7646 | val acc 0.829 | ‖g‖ 7.4473 | 2060s
step 136600 | train loss 0.0247 | train acc 1.000 | val loss 0.8829 | val acc 0.815 | ‖g‖ 2.6339 | 2061s
step 136700 | train loss 0.0766 | train acc 0.977 | val loss 0.8218 | val acc 0.815 | ‖g‖ 4.9312 | 2062s
step 136800 | train loss 0.0212 | train acc 0.992 | val loss 0.9075 | val acc 0.804 | ‖g‖ 3.3519 | 2063s
step 136900 | train loss 0.0195 | train acc 1.000 | val loss 0.8591 | val acc 0.810 | ‖g‖ 2.9216 | 2064s
step 137000 | train loss 0.0646 | train acc 0.977 | val loss 0.7886 | val acc 0.802 | ‖g‖ 9.7155 | 2065s
step 137100 | train loss 0.0054 | train acc 1.000 | val loss 0.9082 | val acc 0.825 | ‖g‖ 0.9783 | 2067s
step 137200 | train loss 0.0308 | train acc 0.984 | val loss 1.0109 | val acc 0.810 | ‖g‖ 6.5113 | 2068s
step 137300 | train loss 0.0311 | train acc 0.992 | val loss 0.8443 | val acc 0.798 | ‖g‖ 3.9315 | 2069s
step 137400 | train loss 0.0140 | train acc 1.000 | val loss 0.9402 | val acc 0.808 | ‖g‖ 1.2648 | 2070s
step 137500 | train loss 0.0142 | train acc 1.000 | val loss 0.8979 | val acc 0.825 | ‖g‖ 3.1132 | 2071s
step 137600 | train loss 0.0531 | train acc 0.969 | val loss 0.8481 | val acc 0.810 | ‖g‖ 6.9815 | 2072s
step 137700 | train loss 0.0193 | train acc 0.992 | val loss 0.9501 | val acc 0.806 | ‖g‖ 5.3593 | 2073s
step 137800 | train loss 0.0028 | train acc 1.000 | val loss 0.9584 | val acc 0.808 | ‖g‖ 0.3331 | 2075s
step 137900 | train loss 0.1387 | train acc 0.961 | val loss 0.8287 | val acc 0.785 | ‖g‖ 13.1871 | 2076s
step 138000 | train loss 0.0217 | train acc 1.000 | val loss 0.9134 | val acc 0.787 | ‖g‖ 2.2328 | 2077s
step 138100 | train loss 0.0766 | train acc 0.977 | val loss 0.8500 | val acc 0.802 | ‖g‖ 8.9961 | 2078s
step 138200 | train loss 0.0113 | train acc 1.000 | val loss 0.8349 | val acc 0.827 | ‖g‖ 1.6228 | 2079s
step 138300 | train loss 0.0382 | train acc 0.984 | val loss 0.7943 | val acc 0.804 | ‖g‖ 3.4764 | 2081s
step 138400 | train loss 0.0265 | train acc 0.992 | val loss 1.0599 | val acc 0.796 | ‖g‖ 5.0403 | 2082s
step 138500 | train loss 0.0056 | train acc 1.000 | val loss 0.9176 | val acc 0.810 | ‖g‖ 0.4923 | 2083s
step 138600 | train loss 0.0866 | train acc 0.984 | val loss 0.8797 | val acc 0.806 | ‖g‖ 9.4828 | 2084s
step 138700 | train loss 0.0198 | train acc 1.000 | val loss 0.9062 | val acc 0.817 | ‖g‖ 3.5278 | 2085s
step 138800 | train loss 0.0171 | train acc 1.000 | val loss 0.9003 | val acc 0.800 | ‖g‖ 1.8454 | 2086s
step 138900 | train loss 0.0124 | train acc 1.000 | val loss 0.9176 | val acc 0.817 | ‖g‖ 2.5322 | 2087s
step 139000 | train loss 0.0774 | train acc 0.977 | val loss 1.0611 | val acc 0.798 | ‖g‖ 9.3514 | 2089s
step 139100 | train loss 0.0192 | train acc 1.000 | val loss 0.8048 | val acc 0.812 | ‖g‖ 2.6308 | 2090s
step 139200 | train loss 0.0210 | train acc 1.000 | val loss 0.8718 | val acc 0.810 | ‖g‖ 2.6654 | 2091s
step 139300 | train loss 0.0769 | train acc 0.977 | val loss 0.7936 | val acc 0.821 | ‖g‖ 5.8566 | 2092s
step 139400 | train loss 0.0546 | train acc 0.977 | val loss 0.8579 | val acc 0.819 | ‖g‖ 5.8586 | 2093s
step 139500 | train loss 0.0257 | train acc 0.992 | val loss 0.8398 | val acc 0.817 | ‖g‖ 3.9744 | 2094s
step 139600 | train loss 0.0245 | train acc 1.000 | val loss 0.9978 | val acc 0.808 | ‖g‖ 3.2643 | 2096s
step 139700 | train loss 0.0796 | train acc 0.984 | val loss 0.8464 | val acc 0.817 | ‖g‖ 9.9166 | 2995s
step 139800 | train loss 0.0704 | train acc 0.969 | val loss 0.8844 | val acc 0.815 | ‖g‖ 6.2753 | 2997s
step 139900 | train loss 0.0064 | train acc 1.000 | val loss 0.8990 | val acc 0.808 | ‖g‖ 0.6343 | 2998s
step 140000 | train loss 0.0028 | train acc 1.000 | val loss 0.9514 | val acc 0.812 | ‖g‖ 0.2608 | 2999s
step 140100 | train loss 0.0065 | train acc 1.000 | val loss 0.9339 | val acc 0.808 | ‖g‖ 1.0423 | 3000s
step 140200 | train loss 0.0922 | train acc 0.969 | val loss 0.7817 | val acc 0.800 | ‖g‖ 8.0798 | 3001s
step 140300 | train loss 0.0558 | train acc 0.977 | val loss 0.8459 | val acc 0.808 | ‖g‖ 6.6057 | 3002s
step 140400 | train loss 0.0454 | train acc 0.992 | val loss 0.8570 | val acc 0.817 | ‖g‖ 4.1727 | 3004s
step 140500 | train loss 0.0688 | train acc 0.977 | val loss 0.7132 | val acc 0.810 | ‖g‖ 7.4275 | 3005s
step 140600 | train loss 0.0133 | train acc 1.000 | val loss 0.9024 | val acc 0.812 | ‖g‖ 1.9989 | 3006s
step 140700 | train loss 0.0055 | train acc 1.000 | val loss 0.8844 | val acc 0.819 | ‖g‖ 0.8140 | 3007s
step 140800 | train loss 0.0032 | train acc 1.000 | val loss 0.9262 | val acc 0.817 | ‖g‖ 0.4487 | 3008s
step 140900 | train loss 0.0810 | train acc 0.953 | val loss 0.7685 | val acc 0.800 | ‖g‖ 9.4320 | 3011s
step 141000 | train loss 0.0563 | train acc 0.977 | val loss 0.8620 | val acc 0.810 | ‖g‖ 5.0216 | 3014s
step 141100 | train loss 0.0135 | train acc 1.000 | val loss 0.9109 | val acc 0.810 | ‖g‖ 2.1265 | 3016s
step 141200 | train loss 0.0632 | train acc 0.977 | val loss 0.8844 | val acc 0.794 | ‖g‖ 6.1550 | 3018s
step 141300 | train loss 0.0110 | train acc 1.000 | val loss 0.8915 | val acc 0.800 | ‖g‖ 1.7550 | 3019s
step 141400 | train loss 0.0437 | train acc 0.992 | val loss 0.8661 | val acc 0.802 | ‖g‖ 4.1612 | 3021s
step 141500 | train loss 0.0189 | train acc 0.992 | val loss 0.8820 | val acc 0.825 | ‖g‖ 3.0188 | 3023s
step 141600 | train loss 0.0838 | train acc 0.953 | val loss 0.9508 | val acc 0.792 | ‖g‖ 13.9197 | 3024s
step 141700 | train loss 0.0472 | train acc 0.992 | val loss 0.7667 | val acc 0.825 | ‖g‖ 6.3166 | 3026s
step 141800 | train loss 0.0111 | train acc 1.000 | val loss 0.8840 | val acc 0.835 | ‖g‖ 1.7319 | 3027s
step 141900 | train loss 0.0593 | train acc 0.969 | val loss 0.9602 | val acc 0.808 | ‖g‖ 10.7955 | 3029s
step 142000 | train loss 0.0699 | train acc 0.977 | val loss 0.8683 | val acc 0.802 | ‖g‖ 8.0048 | 3030s
step 142100 | train loss 0.1428 | train acc 0.953 | val loss 0.8669 | val acc 0.802 | ‖g‖ 10.8797 | 3032s
step 142200 | train loss 0.0443 | train acc 0.984 | val loss 0.7576 | val acc 0.821 | ‖g‖ 5.4905 | 3034s
step 142300 | train loss 0.0057 | train acc 1.000 | val loss 0.9184 | val acc 0.819 | ‖g‖ 0.9105 | 3035s
step 142400 | train loss 0.0049 | train acc 1.000 | val loss 0.8939 | val acc 0.812 | ‖g‖ 0.4670 | 3037s
step 142500 | train loss 0.0502 | train acc 0.984 | val loss 1.0077 | val acc 0.798 | ‖g‖ 10.5344 | 3038s
step 142600 | train loss 0.0498 | train acc 0.977 | val loss 0.8469 | val acc 0.808 | ‖g‖ 7.0999 | 3040s
step 142700 | train loss 0.0660 | train acc 0.969 | val loss 0.7052 | val acc 0.821 | ‖g‖ 6.7222 | 3042s
step 142800 | train loss 0.0130 | train acc 1.000 | val loss 0.9413 | val acc 0.802 | ‖g‖ 1.7484 | 3043s
step 142900 | train loss 0.0042 | train acc 1.000 | val loss 0.9326 | val acc 0.806 | ‖g‖ 0.4824 | 3045s
step 143000 | train loss 0.0204 | train acc 1.000 | val loss 0.9331 | val acc 0.823 | ‖g‖ 4.2217 | 3046s
step 143100 | train loss 0.0321 | train acc 1.000 | val loss 0.7783 | val acc 0.785 | ‖g‖ 2.6657 | 3048s
step 143200 | train loss 0.0281 | train acc 0.992 | val loss 0.9586 | val acc 0.821 | ‖g‖ 4.2689 | 3050s
step 143300 | train loss 0.0562 | train acc 0.977 | val loss 0.7521 | val acc 0.810 | ‖g‖ 8.2419 | 3051s
step 143400 | train loss 0.0394 | train acc 0.992 | val loss 0.8204 | val acc 0.802 | ‖g‖ 6.0736 | 3053s
step 143500 | train loss 0.0536 | train acc 0.984 | val loss 0.7701 | val acc 0.829 | ‖g‖ 4.7139 | 3055s
step 143600 | train loss 0.0352 | train acc 0.984 | val loss 0.8511 | val acc 0.798 | ‖g‖ 3.5589 | 3056s
step 143700 | train loss 0.0909 | train acc 0.969 | val loss 0.9359 | val acc 0.779 | ‖g‖ 10.5532 | 3058s
step 143800 | train loss 0.0526 | train acc 0.992 | val loss 0.8131 | val acc 0.815 | ‖g‖ 5.0000 | 3060s
step 143900 | train loss 0.0093 | train acc 1.000 | val loss 0.8923 | val acc 0.802 | ‖g‖ 1.2423 | 3062s
step 144000 | train loss 0.0046 | train acc 1.000 | val loss 0.9582 | val acc 0.810 | ‖g‖ 0.4730 | 3063s
step 144100 | train loss 0.0038 | train acc 1.000 | val loss 0.9310 | val acc 0.825 | ‖g‖ 0.6823 | 3065s
step 144200 | train loss 0.0081 | train acc 1.000 | val loss 1.0512 | val acc 0.808 | ‖g‖ 1.3973 | 3066s
step 144300 | train loss 0.1033 | train acc 0.945 | val loss 0.6731 | val acc 0.831 | ‖g‖ 8.1456 | 3068s
step 144400 | train loss 0.0431 | train acc 0.992 | val loss 0.7385 | val acc 0.798 | ‖g‖ 5.3202 | 3069s
step 144500 | train loss 0.0637 | train acc 0.977 | val loss 0.7699 | val acc 0.829 | ‖g‖ 10.9193 | 3071s
step 144600 | train loss 0.0098 | train acc 1.000 | val loss 0.8446 | val acc 0.815 | ‖g‖ 2.5534 | 3073s
step 144700 | train loss 0.0579 | train acc 0.984 | val loss 0.8490 | val acc 0.802 | ‖g‖ 6.5762 | 3074s
step 144800 | train loss 0.1021 | train acc 0.969 | val loss 0.8451 | val acc 0.827 | ‖g‖ 13.9396 | 3076s
step 144900 | train loss 0.1367 | train acc 0.961 | val loss 0.7619 | val acc 0.812 | ‖g‖ 9.9014 | 3077s
step 145000 | train loss 0.0109 | train acc 1.000 | val loss 0.9775 | val acc 0.790 | ‖g‖ 1.9418 | 3079s
step 145100 | train loss 0.0105 | train acc 1.000 | val loss 1.0331 | val acc 0.798 | ‖g‖ 2.9183 | 3081s
step 145200 | train loss 0.0544 | train acc 0.977 | val loss 0.8942 | val acc 0.794 | ‖g‖ 7.2278 | 3082s
step 145300 | train loss 0.0437 | train acc 0.984 | val loss 0.9389 | val acc 0.800 | ‖g‖ 5.4913 | 3084s
step 145400 | train loss 0.0172 | train acc 1.000 | val loss 0.9353 | val acc 0.806 | ‖g‖ 2.1999 | 3085s
step 145500 | train loss 0.0307 | train acc 0.992 | val loss 0.9139 | val acc 0.823 | ‖g‖ 3.6965 | 3087s
step 145600 | train loss 0.0419 | train acc 0.984 | val loss 0.8265 | val acc 0.810 | ‖g‖ 5.4409 | 3089s
step 145700 | train loss 0.0263 | train acc 1.000 | val loss 0.8631 | val acc 0.802 | ‖g‖ 2.8977 | 3090s
step 145800 | train loss 0.0207 | train acc 0.992 | val loss 0.8425 | val acc 0.825 | ‖g‖ 3.0180 | 3092s
step 145900 | train loss 0.0374 | train acc 0.984 | val loss 0.8245 | val acc 0.792 | ‖g‖ 3.7658 | 3094s
step 146000 | train loss 0.0335 | train acc 0.992 | val loss 0.9045 | val acc 0.819 | ‖g‖ 6.5060 | 3095s
step 146100 | train loss 0.0043 | train acc 1.000 | val loss 0.9567 | val acc 0.819 | ‖g‖ 0.4296 | 3099s
step 146200 | train loss 0.0030 | train acc 1.000 | val loss 0.9371 | val acc 0.810 | ‖g‖ 0.2745 | 3104s
step 146300 | train loss 0.0043 | train acc 1.000 | val loss 0.9428 | val acc 0.812 | ‖g‖ 0.4301 | 3108s
step 146400 | train loss 0.0448 | train acc 0.992 | val loss 0.7743 | val acc 0.804 | ‖g‖ 5.6265 | 3113s
step 146500 | train loss 0.0077 | train acc 1.000 | val loss 0.8996 | val acc 0.792 | ‖g‖ 1.1483 | 3118s
step 146600 | train loss 0.1539 | train acc 0.961 | val loss 0.6838 | val acc 0.812 | ‖g‖ 8.3733 | 3122s
step 146700 | train loss 0.0276 | train acc 1.000 | val loss 0.7029 | val acc 0.825 | ‖g‖ 2.7430 | 3126s
step 146800 | train loss 0.0307 | train acc 1.000 | val loss 0.9480 | val acc 0.796 | ‖g‖ 4.6742 | 3131s
step 146900 | train loss 0.0342 | train acc 1.000 | val loss 0.9062 | val acc 0.804 | ‖g‖ 5.0774 | 3135s
step 147000 | train loss 0.0515 | train acc 0.984 | val loss 0.8415 | val acc 0.802 | ‖g‖ 6.0770 | 3140s
step 147100 | train loss 0.0278 | train acc 0.992 | val loss 0.9276 | val acc 0.792 | ‖g‖ 4.9954 | 3145s
step 147200 | train loss 0.0039 | train acc 1.000 | val loss 0.8508 | val acc 0.815 | ‖g‖ 0.5056 | 3149s
step 147300 | train loss 0.0147 | train acc 1.000 | val loss 0.9231 | val acc 0.808 | ‖g‖ 3.2721 | 3154s
step 147400 | train loss 0.0187 | train acc 1.000 | val loss 0.7822 | val acc 0.823 | ‖g‖ 1.5485 | 3158s
step 147500 | train loss 0.0367 | train acc 0.992 | val loss 0.9091 | val acc 0.825 | ‖g‖ 5.5980 | 3164s
step 147600 | train loss 0.0343 | train acc 0.992 | val loss 0.7764 | val acc 0.810 | ‖g‖ 5.4432 | 3169s
step 147700 | train loss 0.0617 | train acc 0.992 | val loss 0.9032 | val acc 0.808 | ‖g‖ 7.2267 | 3174s
step 147800 | train loss 0.0488 | train acc 0.984 | val loss 0.9432 | val acc 0.794 | ‖g‖ 6.6238 | 3179s
step 147900 | train loss 0.1641 | train acc 0.945 | val loss 0.8042 | val acc 0.812 | ‖g‖ 11.4521 | 3185s
step 148000 | train loss 0.0169 | train acc 1.000 | val loss 0.8483 | val acc 0.815 | ‖g‖ 2.0906 | 3190s
step 148100 | train loss 0.0260 | train acc 0.992 | val loss 0.8701 | val acc 0.817 | ‖g‖ 2.9257 | 3195s
step 148200 | train loss 0.0080 | train acc 1.000 | val loss 0.8715 | val acc 0.823 | ‖g‖ 1.0220 | 3200s
step 148300 | train loss 0.0457 | train acc 0.984 | val loss 0.9620 | val acc 0.794 | ‖g‖ 5.1443 | 3204s
step 148400 | train loss 0.0677 | train acc 0.984 | val loss 0.8403 | val acc 0.815 | ‖g‖ 6.8621 | 3210s
step 148500 | train loss 0.0081 | train acc 1.000 | val loss 0.9237 | val acc 0.802 | ‖g‖ 1.4067 | 3215s
step 148600 | train loss 0.0027 | train acc 1.000 | val loss 0.9097 | val acc 0.808 | ‖g‖ 0.2756 | 3220s
step 148700 | train loss 0.0041 | train acc 1.000 | val loss 0.9061 | val acc 0.804 | ‖g‖ 0.4795 | 3224s
step 148800 | train loss 0.0151 | train acc 1.000 | val loss 0.9187 | val acc 0.808 | ‖g‖ 9.1755 | 3228s
step 148900 | train loss 0.0793 | train acc 0.969 | val loss 0.7964 | val acc 0.804 | ‖g‖ 6.9526 | 3232s
step 149000 | train loss 0.0653 | train acc 0.977 | val loss 0.9485 | val acc 0.792 | ‖g‖ 7.2017 | 3235s
step 149100 | train loss 0.0209 | train acc 1.000 | val loss 0.8047 | val acc 0.831 | ‖g‖ 2.0274 | 3278s
step 149200 | train loss 0.0205 | train acc 1.000 | val loss 0.8904 | val acc 0.827 | ‖g‖ 2.7998 | 3279s
step 149300 | train loss 0.1023 | train acc 0.984 | val loss 0.8309 | val acc 0.823 | ‖g‖ 7.4542 | 3280s
step 149400 | train loss 0.0467 | train acc 0.984 | val loss 0.8398 | val acc 0.798 | ‖g‖ 6.1169 | 3282s
step 149500 | train loss 0.0063 | train acc 1.000 | val loss 0.8887 | val acc 0.835 | ‖g‖ 0.9914 | 3283s
step 149600 | train loss 0.0043 | train acc 1.000 | val loss 0.8941 | val acc 0.827 | ‖g‖ 0.3662 | 3285s
step 149700 | train loss 0.1933 | train acc 0.914 | val loss 0.7083 | val acc 0.796 | ‖g‖ 11.7547 | 3286s
step 149800 | train loss 0.0824 | train acc 0.977 | val loss 0.8038 | val acc 0.806 | ‖g‖ 6.5878 | 3287s
step 149900 | train loss 0.0429 | train acc 0.984 | val loss 0.8545 | val acc 0.823 | ‖g‖ 11.3391 | 3288s
step 150000 | train loss 0.1347 | train acc 0.961 | val loss 0.9856 | val acc 0.787 | ‖g‖ 10.4599 | 3290s
step 150100 | train loss 0.1402 | train acc 0.945 | val loss 0.7948 | val acc 0.825 | ‖g‖ 11.7495 | 3291s
step 150200 | train loss 0.0570 | train acc 0.984 | val loss 0.7830 | val acc 0.829 | ‖g‖ 8.7731 | 3292s
step 150300 | train loss 0.0085 | train acc 1.000 | val loss 0.9023 | val acc 0.808 | ‖g‖ 1.4911 | 3294s
step 150400 | train loss 0.0049 | train acc 1.000 | val loss 0.9366 | val acc 0.815 | ‖g‖ 0.5110 | 3296s
step 150500 | train loss 0.0087 | train acc 1.000 | val loss 0.9090 | val acc 0.817 | ‖g‖ 1.9018 | 3298s
step 150600 | train loss 0.0652 | train acc 0.984 | val loss 0.6591 | val acc 0.817 | ‖g‖ 5.3864 | 3299s
step 150700 | train loss 0.0198 | train acc 0.992 | val loss 0.7858 | val acc 0.817 | ‖g‖ 2.9041 | 3301s
step 150800 | train loss 0.1309 | train acc 0.961 | val loss 0.9798 | val acc 0.771 | ‖g‖ 8.6671 | 3302s
step 150900 | train loss 0.0435 | train acc 0.984 | val loss 0.8411 | val acc 0.817 | ‖g‖ 5.4365 | 3303s
step 151000 | train loss 0.0083 | train acc 1.000 | val loss 0.8540 | val acc 0.810 | ‖g‖ 1.2818 | 3305s
step 151100 | train loss 0.0949 | train acc 0.969 | val loss 0.8240 | val acc 0.808 | ‖g‖ 9.0398 | 3306s
step 151200 | train loss 0.0410 | train acc 0.992 | val loss 0.8232 | val acc 0.817 | ‖g‖ 6.0125 | 3307s
step 151300 | train loss 0.0091 | train acc 1.000 | val loss 0.8800 | val acc 0.802 | ‖g‖ 1.3942 | 3308s
step 151400 | train loss 0.0046 | train acc 1.000 | val loss 0.8918 | val acc 0.808 | ‖g‖ 0.9436 | 3309s
step 151500 | train loss 0.0044 | train acc 1.000 | val loss 0.8904 | val acc 0.812 | ‖g‖ 0.8451 | 3310s
step 151600 | train loss 0.3443 | train acc 0.875 | val loss 0.6309 | val acc 0.810 | ‖g‖ 21.7628 | 3312s
step 151700 | train loss 0.0707 | train acc 0.984 | val loss 0.6116 | val acc 0.823 | ‖g‖ 5.7214 | 3313s
step 151800 | train loss 0.0133 | train acc 1.000 | val loss 0.8582 | val acc 0.806 | ‖g‖ 2.4061 | 3314s
step 151900 | train loss 0.0844 | train acc 0.961 | val loss 0.7489 | val acc 0.808 | ‖g‖ 12.2907 | 3316s
step 152000 | train loss 0.0664 | train acc 0.977 | val loss 0.7325 | val acc 0.817 | ‖g‖ 12.8963 | 3317s
step 152100 | train loss 0.0196 | train acc 1.000 | val loss 0.8484 | val acc 0.823 | ‖g‖ 2.5348 | 3319s
step 152200 | train loss 0.0539 | train acc 0.992 | val loss 0.9501 | val acc 0.804 | ‖g‖ 9.3006 | 3320s
step 152300 | train loss 0.1298 | train acc 0.953 | val loss 0.7497 | val acc 0.833 | ‖g‖ 10.2043 | 3321s
step 152400 | train loss 0.0546 | train acc 0.977 | val loss 0.9018 | val acc 0.815 | ‖g‖ 9.3232 | 3322s
step 152500 | train loss 0.0820 | train acc 0.969 | val loss 0.8955 | val acc 0.812 | ‖g‖ 8.9455 | 3323s
step 152600 | train loss 0.0198 | train acc 0.992 | val loss 0.7835 | val acc 0.827 | ‖g‖ 3.7334 | 3325s
step 152700 | train loss 0.0327 | train acc 0.992 | val loss 0.8971 | val acc 0.804 | ‖g‖ 3.8197 | 3326s
step 152800 | train loss 0.0161 | train acc 1.000 | val loss 0.8370 | val acc 0.812 | ‖g‖ 2.7092 | 3327s
step 152900 | train loss 0.0100 | train acc 1.000 | val loss 0.9007 | val acc 0.804 | ‖g‖ 1.9610 | 3328s
step 153000 | train loss 0.0053 | train acc 1.000 | val loss 0.9427 | val acc 0.802 | ‖g‖ 0.9919 | 3329s
step 153100 | train loss 0.1669 | train acc 0.938 | val loss 0.6878 | val acc 0.802 | ‖g‖ 10.6575 | 3331s
step 153200 | train loss 0.0309 | train acc 0.992 | val loss 0.8193 | val acc 0.798 | ‖g‖ 4.4781 | 3332s
step 153300 | train loss 0.0280 | train acc 0.984 | val loss 0.8967 | val acc 0.804 | ‖g‖ 4.3542 | 3333s
step 153400 | train loss 0.0847 | train acc 0.961 | val loss 0.8160 | val acc 0.790 | ‖g‖ 7.5172 | 3335s
step 153500 | train loss 0.0217 | train acc 1.000 | val loss 0.8105 | val acc 0.815 | ‖g‖ 2.0847 | 3336s
step 153600 | train loss 0.0095 | train acc 1.000 | val loss 0.8232 | val acc 0.827 | ‖g‖ 1.4431 | 3337s
step 153700 | train loss 0.0208 | train acc 1.000 | val loss 0.7819 | val acc 0.804 | ‖g‖ 3.0487 | 3338s
step 153800 | train loss 0.0085 | train acc 1.000 | val loss 0.8235 | val acc 0.827 | ‖g‖ 1.3896 | 3340s
step 153900 | train loss 0.0778 | train acc 0.961 | val loss 0.8594 | val acc 0.812 | ‖g‖ 5.0823 | 3341s
step 154000 | train loss 0.0207 | train acc 0.992 | val loss 0.7138 | val acc 0.825 | ‖g‖ 3.1820 | 3342s
step 154100 | train loss 0.0066 | train acc 1.000 | val loss 0.8442 | val acc 0.804 | ‖g‖ 0.8997 | 3344s
step 154200 | train loss 0.0041 | train acc 1.000 | val loss 0.8728 | val acc 0.806 | ‖g‖ 0.4589 | 3345s
step 154300 | train loss 0.0038 | train acc 1.000 | val loss 0.8574 | val acc 0.808 | ‖g‖ 0.4858 | 3347s
step 154400 | train loss 0.0069 | train acc 1.000 | val loss 0.8663 | val acc 0.815 | ‖g‖ 1.6381 | 3348s
step 154500 | train loss 0.0612 | train acc 0.984 | val loss 0.5880 | val acc 0.806 | ‖g‖ 5.2446 | 3349s
step 154600 | train loss 0.0368 | train acc 0.984 | val loss 0.6876 | val acc 0.810 | ‖g‖ 3.7046 | 3350s
step 154700 | train loss 0.0277 | train acc 0.992 | val loss 0.7879 | val acc 0.817 | ‖g‖ 4.1519 | 3352s
step 154800 | train loss 0.0249 | train acc 0.992 | val loss 0.8061 | val acc 0.804 | ‖g‖ 5.4403 | 3353s
step 154900 | train loss 0.0451 | train acc 0.984 | val loss 0.6825 | val acc 0.812 | ‖g‖ 6.0459 | 3354s
step 155000 | train loss 0.0123 | train acc 1.000 | val loss 0.8303 | val acc 0.823 | ‖g‖ 1.6519 | 3355s
step 155100 | train loss 0.0066 | train acc 1.000 | val loss 0.8810 | val acc 0.817 | ‖g‖ 0.7872 | 3356s
step 155200 | train loss 0.0042 | train acc 1.000 | val loss 0.9189 | val acc 0.810 | ‖g‖ 0.4223 | 3358s
step 155300 | train loss 0.0854 | train acc 0.945 | val loss 0.7459 | val acc 0.783 | ‖g‖ 8.7655 | 3359s
step 155400 | train loss 0.1043 | train acc 0.984 | val loss 0.8338 | val acc 0.808 | ‖g‖ 9.6388 | 3360s
step 155500 | train loss 0.0520 | train acc 0.992 | val loss 0.7395 | val acc 0.823 | ‖g‖ 8.5152 | 3361s
step 155600 | train loss 0.0087 | train acc 1.000 | val loss 0.8355 | val acc 0.815 | ‖g‖ 1.0468 | 3362s
step 155700 | train loss 0.0289 | train acc 0.992 | val loss 0.8198 | val acc 0.808 | ‖g‖ 3.9820 | 3364s
step 155800 | train loss 0.0751 | train acc 0.969 | val loss 0.7171 | val acc 0.800 | ‖g‖ 7.5391 | 3365s
step 155900 | train loss 0.0046 | train acc 1.000 | val loss 0.7805 | val acc 0.827 | ‖g‖ 0.5228 | 3367s
step 156000 | train loss 0.0033 | train acc 1.000 | val loss 0.8554 | val acc 0.825 | ‖g‖ 0.2571 | 3368s
step 156100 | train loss 0.0039 | train acc 1.000 | val loss 0.8576 | val acc 0.821 | ‖g‖ 0.5916 | 3369s
step 156200 | train loss 0.0878 | train acc 0.977 | val loss 0.7410 | val acc 0.773 | ‖g‖ 6.5724 | 3370s
step 156300 | train loss 0.0453 | train acc 0.977 | val loss 0.7990 | val acc 0.810 | ‖g‖ 4.3749 | 3372s
step 156400 | train loss 0.0279 | train acc 0.992 | val loss 0.7421 | val acc 0.833 | ‖g‖ 3.7590 | 3373s
step 156500 | train loss 0.1515 | train acc 0.961 | val loss 0.6720 | val acc 0.815 | ‖g‖ 14.0217 | 3375s
step 156600 | train loss 0.0048 | train acc 1.000 | val loss 0.8706 | val acc 0.806 | ‖g‖ 0.4354 | 3376s
step 156700 | train loss 0.0056 | train acc 1.000 | val loss 0.9130 | val acc 0.800 | ‖g‖ 1.3125 | 3377s
step 156800 | train loss 0.0089 | train acc 1.000 | val loss 0.9080 | val acc 0.810 | ‖g‖ 4.1229 | 3379s
step 156900 | train loss 0.0877 | train acc 0.953 | val loss 0.7554 | val acc 0.808 | ‖g‖ 10.4715 | 3380s
step 157000 | train loss 0.0616 | train acc 0.977 | val loss 0.7371 | val acc 0.827 | ‖g‖ 8.6093 | 3382s
step 157100 | train loss 0.0437 | train acc 0.984 | val loss 0.7673 | val acc 0.804 | ‖g‖ 5.3270 | 3383s
step 157200 | train loss 0.0251 | train acc 1.000 | val loss 0.8335 | val acc 0.831 | ‖g‖ 5.0045 | 3384s
step 157300 | train loss 0.1367 | train acc 0.961 | val loss 0.8950 | val acc 0.792 | ‖g‖ 9.6848 | 3386s
step 157400 | train loss 0.0567 | train acc 0.992 | val loss 0.9129 | val acc 0.823 | ‖g‖ 7.2467 | 3387s
step 157500 | train loss 0.0306 | train acc 0.992 | val loss 0.8982 | val acc 0.808 | ‖g‖ 4.4928 | 3388s
step 157600 | train loss 0.0148 | train acc 1.000 | val loss 0.8363 | val acc 0.792 | ‖g‖ 1.7255 | 3389s
step 157700 | train loss 0.0165 | train acc 1.000 | val loss 0.7989 | val acc 0.823 | ‖g‖ 3.2960 | 3391s
step 157800 | train loss 0.1179 | train acc 0.938 | val loss 0.7847 | val acc 0.808 | ‖g‖ 14.9876 | 3392s
step 157900 | train loss 0.0235 | train acc 0.992 | val loss 0.7946 | val acc 0.817 | ‖g‖ 3.4549 | 3393s
step 158000 | train loss 0.1362 | train acc 0.961 | val loss 0.8884 | val acc 0.804 | ‖g‖ 23.2446 | 3394s
step 158100 | train loss 0.0673 | train acc 0.977 | val loss 0.7949 | val acc 0.815 | ‖g‖ 6.9868 | 3396s
step 158200 | train loss 0.0120 | train acc 1.000 | val loss 0.8409 | val acc 0.825 | ‖g‖ 1.8122 | 3398s
step 158300 | train loss 0.0376 | train acc 0.984 | val loss 0.8038 | val acc 0.815 | ‖g‖ 5.2687 | 3399s
step 158400 | train loss 0.1358 | train acc 0.953 | val loss 0.7341 | val acc 0.823 | ‖g‖ 13.0415 | 3401s
step 158500 | train loss 0.1033 | train acc 0.969 | val loss 0.7139 | val acc 0.812 | ‖g‖ 14.6347 | 3402s
step 158600 | train loss 0.0065 | train acc 1.000 | val loss 0.8516 | val acc 0.808 | ‖g‖ 0.9034 | 3404s
step 158700 | train loss 0.0039 | train acc 1.000 | val loss 0.8560 | val acc 0.810 | ‖g‖ 0.3576 | 3405s
step 158800 | train loss 0.0059 | train acc 1.000 | val loss 0.8742 | val acc 0.804 | ‖g‖ 1.4191 | 3406s
step 158900 | train loss 0.0041 | train acc 1.000 | val loss 0.8897 | val acc 0.804 | ‖g‖ 0.8041 | 3407s
step 159000 | train loss 0.1927 | train acc 0.938 | val loss 0.6416 | val acc 0.812 | ‖g‖ 10.5367 | 3409s
step 159100 | train loss 0.0459 | train acc 0.969 | val loss 0.7941 | val acc 0.833 | ‖g‖ 6.8061 | 3410s
step 159200 | train loss 0.0549 | train acc 0.977 | val loss 0.8688 | val acc 0.815 | ‖g‖ 8.2353 | 3411s
step 159300 | train loss 0.0398 | train acc 0.984 | val loss 0.8560 | val acc 0.796 | ‖g‖ 3.6119 | 3413s
step 159400 | train loss 0.0420 | train acc 0.984 | val loss 0.7961 | val acc 0.808 | ‖g‖ 5.6250 | 3414s
step 159500 | train loss 0.0222 | train acc 1.000 | val loss 0.7822 | val acc 0.821 | ‖g‖ 2.7287 | 3416s
step 159600 | train loss 0.0039 | train acc 1.000 | val loss 0.8959 | val acc 0.802 | ‖g‖ 0.3352 | 3417s
step 159700 | train loss 0.0043 | train acc 1.000 | val loss 0.8960 | val acc 0.802 | ‖g‖ 0.4523 | 3418s
step 159800 | train loss 0.0048 | train acc 1.000 | val loss 0.8811 | val acc 0.802 | ‖g‖ 0.8285 | 3420s
step 159900 | train loss 0.0951 | train acc 0.961 | val loss 0.9126 | val acc 0.794 | ‖g‖ 14.9612 | 3421s
step 160000 | train loss 0.0267 | train acc 1.000 | val loss 0.7152 | val acc 0.815 | ‖g‖ 2.9077 | 3422s
step 160100 | train loss 0.0297 | train acc 1.000 | val loss 0.7960 | val acc 0.827 | ‖g‖ 2.8016 | 3424s
step 160200 | train loss 0.0304 | train acc 0.992 | val loss 0.9117 | val acc 0.819 | ‖g‖ 6.4490 | 3425s
step 160300 | train loss 0.0276 | train acc 0.992 | val loss 0.8450 | val acc 0.819 | ‖g‖ 4.1590 | 3426s
step 160400 | train loss 0.1409 | train acc 0.961 | val loss 0.8799 | val acc 0.815 | ‖g‖ 13.4941 | 3427s
step 160500 | train loss 0.0169 | train acc 1.000 | val loss 0.8395 | val acc 0.806 | ‖g‖ 2.6387 | 3429s
step 160600 | train loss 0.0790 | train acc 0.992 | val loss 0.6630 | val acc 0.802 | ‖g‖ 6.6839 | 3431s
step 160700 | train loss 0.0111 | train acc 1.000 | val loss 0.8292 | val acc 0.817 | ‖g‖ 1.8754 | 3432s
step 160800 | train loss 0.0032 | train acc 1.000 | val loss 0.8635 | val acc 0.812 | ‖g‖ 0.1936 | 3433s
step 160900 | train loss 0.0039 | train acc 1.000 | val loss 0.8630 | val acc 0.817 | ‖g‖ 0.3492 | 3435s
step 161000 | train loss 0.0042 | train acc 1.000 | val loss 0.8702 | val acc 0.812 | ‖g‖ 0.5610 | 3436s
step 161100 | train loss 0.0933 | train acc 0.969 | val loss 0.5914 | val acc 0.823 | ‖g‖ 5.7289 | 3438s
step 161200 | train loss 0.0758 | train acc 0.969 | val loss 0.8102 | val acc 0.802 | ‖g‖ 7.0509 | 3439s
step 161300 | train loss 0.0351 | train acc 0.969 | val loss 0.7356 | val acc 0.831 | ‖g‖ 7.4596 | 3440s
step 161400 | train loss 0.0270 | train acc 0.992 | val loss 0.8084 | val acc 0.823 | ‖g‖ 3.1421 | 3441s
step 161500 | train loss 0.0084 | train acc 1.000 | val loss 0.8110 | val acc 0.810 | ‖g‖ 1.2520 | 3443s
step 161600 | train loss 0.0122 | train acc 1.000 | val loss 0.8931 | val acc 0.823 | ‖g‖ 2.7619 | 3444s
step 161700 | train loss 0.0629 | train acc 0.992 | val loss 0.7822 | val acc 0.800 | ‖g‖ 5.6669 | 3446s
step 161800 | train loss 0.0410 | train acc 0.977 | val loss 0.7457 | val acc 0.808 | ‖g‖ 4.8231 | 3447s
step 161900 | train loss 0.0108 | train acc 1.000 | val loss 0.8753 | val acc 0.833 | ‖g‖ 1.0178 | 3449s
step 162000 | train loss 0.0032 | train acc 1.000 | val loss 0.8345 | val acc 0.835 | ‖g‖ 0.3064 | 3450s
step 162100 | train loss 0.0032 | train acc 1.000 | val loss 0.8895 | val acc 0.819 | ‖g‖ 0.3508 | 3451s
step 162200 | train loss 0.0132 | train acc 1.000 | val loss 0.8805 | val acc 0.810 | ‖g‖ 4.6539 | 3452s
step 162300 | train loss 0.0763 | train acc 0.977 | val loss 0.6592 | val acc 0.838 | ‖g‖ 4.6364 | 3454s
step 162400 | train loss 0.0124 | train acc 1.000 | val loss 0.7537 | val acc 0.815 | ‖g‖ 2.2822 | 3455s
step 162500 | train loss 0.0393 | train acc 0.984 | val loss 0.7632 | val acc 0.815 | ‖g‖ 4.5645 | 3456s
step 162600 | train loss 0.1118 | train acc 0.945 | val loss 0.6854 | val acc 0.821 | ‖g‖ 12.2142 | 3458s
step 162700 | train loss 0.0187 | train acc 1.000 | val loss 0.8754 | val acc 0.798 | ‖g‖ 3.3387 | 3459s
step 162800 | train loss 0.0908 | train acc 0.945 | val loss 0.8079 | val acc 0.827 | ‖g‖ 12.1295 | 3460s
step 162900 | train loss 0.0180 | train acc 1.000 | val loss 0.8040 | val acc 0.825 | ‖g‖ 2.0820 | 3461s
step 163000 | train loss 0.0156 | train acc 0.992 | val loss 0.8069 | val acc 0.812 | ‖g‖ 2.8444 | 3463s
step 163100 | train loss 0.0039 | train acc 1.000 | val loss 0.8748 | val acc 0.819 | ‖g‖ 0.2934 | 3464s
step 163200 | train loss 0.0075 | train acc 1.000 | val loss 0.8570 | val acc 0.815 | ‖g‖ 1.1514 | 3465s
step 163300 | train loss 0.0063 | train acc 1.000 | val loss 0.8507 | val acc 0.812 | ‖g‖ 0.6369 | 3467s
step 163400 | train loss 0.0982 | train acc 0.953 | val loss 0.9364 | val acc 0.787 | ‖g‖ 13.1400 | 3468s
step 163500 | train loss 0.0351 | train acc 0.992 | val loss 0.7116 | val acc 0.835 | ‖g‖ 2.7542 | 3470s
step 163600 | train loss 0.0295 | train acc 0.992 | val loss 0.8142 | val acc 0.794 | ‖g‖ 5.3246 | 3471s
step 163700 | train loss 0.0585 | train acc 0.992 | val loss 0.7421 | val acc 0.808 | ‖g‖ 4.6032 | 3472s
step 163800 | train loss 0.0122 | train acc 1.000 | val loss 0.8059 | val acc 0.821 | ‖g‖ 2.4007 | 3474s
step 163900 | train loss 0.0704 | train acc 0.992 | val loss 0.7778 | val acc 0.783 | ‖g‖ 11.7347 | 3475s
step 164000 | train loss 0.0708 | train acc 0.977 | val loss 0.8599 | val acc 0.806 | ‖g‖ 12.5096 | 3477s
step 164100 | train loss 0.0304 | train acc 0.992 | val loss 0.8183 | val acc 0.798 | ‖g‖ 3.3775 | 3479s
step 164200 | train loss 0.1323 | train acc 0.969 | val loss 0.8092 | val acc 0.802 | ‖g‖ 13.6058 | 3480s
step 164300 | train loss 0.1297 | train acc 0.945 | val loss 0.9173 | val acc 0.792 | ‖g‖ 8.5861 | 3482s
step 164400 | train loss 0.0368 | train acc 0.984 | val loss 0.8953 | val acc 0.812 | ‖g‖ 5.2641 | 3483s
step 164500 | train loss 0.0198 | train acc 0.984 | val loss 0.7409 | val acc 0.835 | ‖g‖ 3.3514 | 3484s
step 164600 | train loss 0.0538 | train acc 0.977 | val loss 0.8166 | val acc 0.819 | ‖g‖ 6.6356 | 3486s
step 164700 | train loss 0.0106 | train acc 0.992 | val loss 0.8953 | val acc 0.792 | ‖g‖ 2.4029 | 3487s
step 164800 | train loss 0.0352 | train acc 0.992 | val loss 0.7572 | val acc 0.808 | ‖g‖ 2.9946 | 3489s
step 164900 | train loss 0.0264 | train acc 0.992 | val loss 0.7885 | val acc 0.812 | ‖g‖ 3.8324 | 3490s
step 165000 | train loss 0.0076 | train acc 1.000 | val loss 0.8145 | val acc 0.810 | ‖g‖ 0.8509 | 3491s
step 165100 | train loss 0.0478 | train acc 0.977 | val loss 0.8777 | val acc 0.798 | ‖g‖ 10.3173 | 3493s
step 165200 | train loss 0.0384 | train acc 0.984 | val loss 0.8350 | val acc 0.790 | ‖g‖ 5.3023 | 3494s
step 165300 | train loss 0.0129 | train acc 1.000 | val loss 0.8858 | val acc 0.819 | ‖g‖ 2.0070 | 3495s
step 165400 | train loss 0.0091 | train acc 1.000 | val loss 0.8519 | val acc 0.806 | ‖g‖ 1.3059 | 3497s
step 165500 | train loss 0.1388 | train acc 0.953 | val loss 0.7803 | val acc 0.812 | ‖g‖ 13.6305 | 3498s
step 165600 | train loss 0.0362 | train acc 0.992 | val loss 0.8386 | val acc 0.819 | ‖g‖ 3.8166 | 3500s
step 165700 | train loss 0.0213 | train acc 1.000 | val loss 0.8833 | val acc 0.821 | ‖g‖ 2.4703 | 3501s
step 165800 | train loss 0.0537 | train acc 0.969 | val loss 0.7668 | val acc 0.812 | ‖g‖ 6.4840 | 3503s
step 165900 | train loss 0.0401 | train acc 0.992 | val loss 0.9305 | val acc 0.812 | ‖g‖ 5.5527 | 3504s
step 166000 | train loss 0.0539 | train acc 0.977 | val loss 0.8817 | val acc 0.810 | ‖g‖ 6.8869 | 3506s
step 166100 | train loss 0.0467 | train acc 0.984 | val loss 0.7554 | val acc 0.821 | ‖g‖ 4.0454 | 3508s
step 166200 | train loss 0.0155 | train acc 1.000 | val loss 0.8739 | val acc 0.817 | ‖g‖ 2.5210 | 3510s
step 166300 | train loss 0.0059 | train acc 1.000 | val loss 0.8761 | val acc 0.827 | ‖g‖ 0.5850 | 3511s
step 166400 | train loss 0.0055 | train acc 1.000 | val loss 0.8795 | val acc 0.815 | ‖g‖ 1.0834 | 3513s
step 166500 | train loss 0.1154 | train acc 0.953 | val loss 0.7776 | val acc 0.802 | ‖g‖ 10.0494 | 3515s
step 166600 | train loss 0.0343 | train acc 1.000 | val loss 0.7929 | val acc 0.825 | ‖g‖ 4.4967 | 3516s
step 166700 | train loss 0.0282 | train acc 1.000 | val loss 0.8401 | val acc 0.815 | ‖g‖ 3.5470 | 3518s
step 166800 | train loss 0.0350 | train acc 0.984 | val loss 0.7278 | val acc 0.829 | ‖g‖ 4.1059 | 3520s
step 166900 | train loss 0.0091 | train acc 1.000 | val loss 0.8890 | val acc 0.825 | ‖g‖ 1.8085 | 3522s
step 167000 | train loss 0.0029 | train acc 1.000 | val loss 0.8451 | val acc 0.823 | ‖g‖ 0.3333 | 3523s
step 167100 | train loss 0.0121 | train acc 1.000 | val loss 0.8627 | val acc 0.810 | ‖g‖ 2.9150 | 3525s
step 167200 | train loss 0.1335 | train acc 0.961 | val loss 0.7550 | val acc 0.806 | ‖g‖ 11.2016 | 3526s
step 167300 | train loss 0.0323 | train acc 0.984 | val loss 0.7021 | val acc 0.833 | ‖g‖ 6.2658 | 3528s
step 167400 | train loss 0.0644 | train acc 0.977 | val loss 0.8016 | val acc 0.823 | ‖g‖ 8.0515 | 3529s
step 167500 | train loss 0.0252 | train acc 1.000 | val loss 0.8202 | val acc 0.808 | ‖g‖ 2.8333 | 3531s
step 167600 | train loss 0.0313 | train acc 0.984 | val loss 0.7581 | val acc 0.810 | ‖g‖ 2.8611 | 3532s
step 167700 | train loss 0.0731 | train acc 0.961 | val loss 0.9155 | val acc 0.806 | ‖g‖ 13.5604 | 3534s
step 167800 | train loss 0.0604 | train acc 0.984 | val loss 0.8850 | val acc 0.792 | ‖g‖ 8.3360 | 3536s
step 167900 | train loss 0.0582 | train acc 0.969 | val loss 0.7701 | val acc 0.815 | ‖g‖ 6.1871 | 3537s
step 168000 | train loss 0.0335 | train acc 0.992 | val loss 0.8261 | val acc 0.815 | ‖g‖ 2.9004 | 3539s
step 168100 | train loss 0.0137 | train acc 1.000 | val loss 0.7938 | val acc 0.812 | ‖g‖ 2.6360 | 3541s
step 168200 | train loss 0.0040 | train acc 1.000 | val loss 0.8430 | val acc 0.821 | ‖g‖ 0.3738 | 3542s
step 168300 | train loss 0.0039 | train acc 1.000 | val loss 0.9151 | val acc 0.804 | ‖g‖ 0.6427 | 3544s
step 168400 | train loss 0.1770 | train acc 0.945 | val loss 0.7640 | val acc 0.765 | ‖g‖ 11.8390 | 3545s
step 168500 | train loss 0.0514 | train acc 0.969 | val loss 0.7809 | val acc 0.806 | ‖g‖ 6.7683 | 3547s
step 168600 | train loss 0.0953 | train acc 0.969 | val loss 0.7373 | val acc 0.825 | ‖g‖ 9.4718 | 3549s
step 168700 | train loss 0.0253 | train acc 0.992 | val loss 0.8226 | val acc 0.806 | ‖g‖ 3.6959 | 3550s
step 168800 | train loss 0.0881 | train acc 0.977 | val loss 0.7790 | val acc 0.808 | ‖g‖ 7.0715 | 3552s
step 168900 | train loss 0.0065 | train acc 1.000 | val loss 0.7837 | val acc 0.819 | ‖g‖ 0.9534 | 3554s
step 169000 | train loss 0.0106 | train acc 1.000 | val loss 0.9034 | val acc 0.833 | ‖g‖ 1.7769 | 3555s
step 169100 | train loss 0.0554 | train acc 0.984 | val loss 0.8024 | val acc 0.798 | ‖g‖ 7.8606 | 3557s
step 169200 | train loss 0.0401 | train acc 0.992 | val loss 0.8812 | val acc 0.804 | ‖g‖ 7.8172 | 3558s
step 169300 | train loss 0.0579 | train acc 0.984 | val loss 0.7453 | val acc 0.806 | ‖g‖ 3.2308 | 3560s
step 169400 | train loss 0.0609 | train acc 0.969 | val loss 0.8625 | val acc 0.806 | ‖g‖ 5.1392 | 3561s
step 169500 | train loss 0.0080 | train acc 1.000 | val loss 0.8212 | val acc 0.823 | ‖g‖ 1.1111 | 3563s
step 169600 | train loss 0.0027 | train acc 1.000 | val loss 0.8677 | val acc 0.806 | ‖g‖ 0.3556 | 3565s
step 169700 | train loss 0.0033 | train acc 1.000 | val loss 0.8435 | val acc 0.806 | ‖g‖ 0.3398 | 3566s
step 169800 | train loss 0.0053 | train acc 1.000 | val loss 0.9192 | val acc 0.808 | ‖g‖ 0.7820 | 3568s
step 169900 | train loss 0.0445 | train acc 0.992 | val loss 0.7507 | val acc 0.808 | ‖g‖ 3.8158 | 3570s
step 170000 | train loss 0.0409 | train acc 0.992 | val loss 0.7231 | val acc 0.812 | ‖g‖ 4.2188 | 3571s
step 170100 | train loss 0.0644 | train acc 0.977 | val loss 0.7910 | val acc 0.815 | ‖g‖ 7.5493 | 3573s
step 170200 | train loss 0.0251 | train acc 1.000 | val loss 0.8324 | val acc 0.806 | ‖g‖ 3.4502 | 3575s
step 170300 | train loss 0.0209 | train acc 0.992 | val loss 0.7748 | val acc 0.825 | ‖g‖ 4.5785 | 3577s
step 170400 | train loss 0.0939 | train acc 0.961 | val loss 0.8163 | val acc 0.812 | ‖g‖ 13.4962 | 3579s
step 170500 | train loss 0.0292 | train acc 0.992 | val loss 0.7630 | val acc 0.819 | ‖g‖ 3.4846 | 3580s
step 170600 | train loss 0.0657 | train acc 0.977 | val loss 0.7457 | val acc 0.804 | ‖g‖ 6.6666 | 3581s
step 170700 | train loss 0.0080 | train acc 1.000 | val loss 0.7996 | val acc 0.819 | ‖g‖ 0.8090 | 3583s
step 170800 | train loss 0.0069 | train acc 1.000 | val loss 0.8717 | val acc 0.812 | ‖g‖ 1.1507 | 3584s
step 170900 | train loss 0.0028 | train acc 1.000 | val loss 0.8924 | val acc 0.806 | ‖g‖ 0.3427 | 3586s
step 171000 | train loss 0.0045 | train acc 1.000 | val loss 0.9193 | val acc 0.804 | ‖g‖ 0.9409 | 3588s
step 171100 | train loss 0.1435 | train acc 0.961 | val loss 0.6914 | val acc 0.829 | ‖g‖ 7.9202 | 3589s
step 171200 | train loss 0.0517 | train acc 0.984 | val loss 0.7987 | val acc 0.817 | ‖g‖ 3.9456 | 3590s
step 171300 | train loss 0.0117 | train acc 1.000 | val loss 0.7418 | val acc 0.817 | ‖g‖ 1.4489 | 3592s
step 171400 | train loss 0.0796 | train acc 0.977 | val loss 0.9238 | val acc 0.804 | ‖g‖ 9.0122 | 3594s
step 171500 | train loss 0.0229 | train acc 0.992 | val loss 0.7769 | val acc 0.806 | ‖g‖ 2.9759 | 3596s
step 171600 | train loss 0.0888 | train acc 0.977 | val loss 0.8067 | val acc 0.825 | ‖g‖ 9.9751 | 3598s
step 171700 | train loss 0.0306 | train acc 1.000 | val loss 0.8009 | val acc 0.815 | ‖g‖ 4.6041 | 3601s
step 171800 | train loss 0.0654 | train acc 0.984 | val loss 0.8103 | val acc 0.810 | ‖g‖ 5.7978 | 3602s
step 171900 | train loss 0.0306 | train acc 0.977 | val loss 0.8577 | val acc 0.812 | ‖g‖ 9.9560 | 3604s
step 172000 | train loss 0.0149 | train acc 1.000 | val loss 0.9002 | val acc 0.810 | ‖g‖ 2.6987 | 3605s
step 172100 | train loss 0.0063 | train acc 1.000 | val loss 0.8629 | val acc 0.815 | ‖g‖ 1.0615 | 3607s
step 172200 | train loss 0.0408 | train acc 0.984 | val loss 0.9855 | val acc 0.785 | ‖g‖ 6.3898 | 3609s
step 172300 | train loss 0.0558 | train acc 0.977 | val loss 0.8289 | val acc 0.804 | ‖g‖ 5.4394 | 3610s
step 172400 | train loss 0.0213 | train acc 1.000 | val loss 0.8025 | val acc 0.821 | ‖g‖ 3.1947 | 3612s
step 172500 | train loss 0.0160 | train acc 1.000 | val loss 0.8475 | val acc 0.823 | ‖g‖ 3.7894 | 3613s
step 172600 | train loss 0.1346 | train acc 0.961 | val loss 0.9433 | val acc 0.796 | ‖g‖ 10.9990 | 3615s
step 172700 | train loss 0.0206 | train acc 1.000 | val loss 0.7922 | val acc 0.833 | ‖g‖ 2.3872 | 3616s
step 172800 | train loss 0.0517 | train acc 0.977 | val loss 0.8106 | val acc 0.798 | ‖g‖ 6.5754 | 3618s
step 172900 | train loss 0.0719 | train acc 0.961 | val loss 0.8027 | val acc 0.827 | ‖g‖ 7.8760 | 3619s
step 173000 | train loss 0.0056 | train acc 1.000 | val loss 0.8710 | val acc 0.810 | ‖g‖ 0.8054 | 3620s
step 173100 | train loss 0.0033 | train acc 1.000 | val loss 0.9179 | val acc 0.827 | ‖g‖ 0.5103 | 3622s
step 173200 | train loss 0.0038 | train acc 1.000 | val loss 0.9428 | val acc 0.808 | ‖g‖ 0.4367 | 3624s
step 173300 | train loss 0.0340 | train acc 0.992 | val loss 0.9255 | val acc 0.825 | ‖g‖ 7.6524 | 3625s
step 173400 | train loss 0.0801 | train acc 0.961 | val loss 0.6773 | val acc 0.819 | ‖g‖ 6.4019 | 3626s
step 173500 | train loss 0.0563 | train acc 0.977 | val loss 0.8300 | val acc 0.792 | ‖g‖ 7.4183 | 3628s
step 173600 | train loss 0.0082 | train acc 1.000 | val loss 0.7921 | val acc 0.831 | ‖g‖ 1.1607 | 3629s
step 173700 | train loss 0.0115 | train acc 1.000 | val loss 0.9770 | val acc 0.817 | ‖g‖ 1.6936 | 3630s
step 173800 | train loss 0.0321 | train acc 1.000 | val loss 0.7567 | val acc 0.796 | ‖g‖ 2.4335 | 3632s
step 173900 | train loss 0.0251 | train acc 0.992 | val loss 0.9189 | val acc 0.821 | ‖g‖ 3.7027 | 3633s
step 174000 | train loss 0.0203 | train acc 0.992 | val loss 0.8387 | val acc 0.810 | ‖g‖ 4.2704 | 3635s
step 174100 | train loss 0.0053 | train acc 1.000 | val loss 0.9366 | val acc 0.804 | ‖g‖ 1.0131 | 3636s
step 174200 | train loss 0.1055 | train acc 0.969 | val loss 0.6741 | val acc 0.831 | ‖g‖ 9.7668 | 3637s
step 174300 | train loss 0.1088 | train acc 0.961 | val loss 0.8330 | val acc 0.821 | ‖g‖ 9.2875 | 3639s
step 174400 | train loss 0.0412 | train acc 0.992 | val loss 0.9113 | val acc 0.821 | ‖g‖ 4.8305 | 3640s
step 174500 | train loss 0.0448 | train acc 0.992 | val loss 0.9322 | val acc 0.819 | ‖g‖ 5.2776 | 3642s
step 174600 | train loss 0.0241 | train acc 1.000 | val loss 0.7700 | val acc 0.817 | ‖g‖ 2.6907 | 3644s
step 174700 | train loss 0.1406 | train acc 0.961 | val loss 0.8270 | val acc 0.823 | ‖g‖ 12.5453 | 3646s
step 174800 | train loss 0.0146 | train acc 0.992 | val loss 0.8323 | val acc 0.810 | ‖g‖ 2.2236 | 3648s
step 174900 | train loss 0.0037 | train acc 1.000 | val loss 0.8486 | val acc 0.831 | ‖g‖ 0.3489 | 3649s
step 175000 | train loss 0.0047 | train acc 1.000 | val loss 0.8585 | val acc 0.821 | ‖g‖ 0.8639 | 3651s
step 175100 | train loss 0.1853 | train acc 0.922 | val loss 0.9058 | val acc 0.796 | ‖g‖ 16.3378 | 3652s
step 175200 | train loss 0.0735 | train acc 0.969 | val loss 0.8366 | val acc 0.800 | ‖g‖ 12.2697 | 3654s
step 175300 | train loss 0.0189 | train acc 0.992 | val loss 0.7877 | val acc 0.823 | ‖g‖ 2.5838 | 3655s
step 175400 | train loss 0.0025 | train acc 1.000 | val loss 0.8720 | val acc 0.821 | ‖g‖ 0.2379 | 3657s
step 175500 | train loss 0.0042 | train acc 1.000 | val loss 0.8898 | val acc 0.821 | ‖g‖ 0.4111 | 3658s
step 175600 | train loss 0.0045 | train acc 1.000 | val loss 0.9318 | val acc 0.817 | ‖g‖ 1.0453 | 3660s
step 175700 | train loss 0.0830 | train acc 0.977 | val loss 0.7004 | val acc 0.798 | ‖g‖ 5.1778 | 3662s
step 175800 | train loss 0.0267 | train acc 0.992 | val loss 0.7826 | val acc 0.815 | ‖g‖ 3.8913 | 3663s
step 175900 | train loss 0.0214 | train acc 1.000 | val loss 0.9010 | val acc 0.831 | ‖g‖ 4.2506 | 3665s
step 176000 | train loss 0.0442 | train acc 0.984 | val loss 0.7186 | val acc 0.823 | ‖g‖ 4.7131 | 3666s
step 176100 | train loss 0.0175 | train acc 1.000 | val loss 0.8060 | val acc 0.821 | ‖g‖ 2.5212 | 3668s
step 176200 | train loss 0.0795 | train acc 0.969 | val loss 0.7098 | val acc 0.808 | ‖g‖ 10.3642 | 3669s
step 176300 | train loss 0.0353 | train acc 0.984 | val loss 0.7949 | val acc 0.825 | ‖g‖ 6.7054 | 3671s
step 176400 | train loss 0.0052 | train acc 1.000 | val loss 0.8221 | val acc 0.835 | ‖g‖ 0.6264 | 3672s
step 176500 | train loss 0.0723 | train acc 0.984 | val loss 0.7832 | val acc 0.823 | ‖g‖ 6.9818 | 3674s
step 176600 | train loss 0.0891 | train acc 0.969 | val loss 0.7058 | val acc 0.835 | ‖g‖ 7.8642 | 3676s
step 176700 | train loss 0.0067 | train acc 1.000 | val loss 0.7609 | val acc 0.838 | ‖g‖ 0.6345 | 3677s
step 176800 | train loss 0.0037 | train acc 1.000 | val loss 0.8530 | val acc 0.827 | ‖g‖ 0.5560 | 3679s
step 176900 | train loss 0.0049 | train acc 1.000 | val loss 0.8796 | val acc 0.817 | ‖g‖ 1.4015 | 3680s
step 177000 | train loss 0.2552 | train acc 0.938 | val loss 0.7450 | val acc 0.806 | ‖g‖ 13.0644 | 3682s
step 177100 | train loss 0.0494 | train acc 0.984 | val loss 0.7655 | val acc 0.827 | ‖g‖ 3.9734 | 3683s
step 177200 | train loss 0.0254 | train acc 0.992 | val loss 0.8205 | val acc 0.823 | ‖g‖ 5.0343 | 3685s
step 177300 | train loss 0.0399 | train acc 0.992 | val loss 0.7116 | val acc 0.827 | ‖g‖ 5.3502 | 3686s
step 177400 | train loss 0.0423 | train acc 0.984 | val loss 0.8320 | val acc 0.812 | ‖g‖ 7.7537 | 3688s
step 177500 | train loss 0.0385 | train acc 0.984 | val loss 0.7936 | val acc 0.825 | ‖g‖ 4.9176 | 3689s
step 177600 | train loss 0.0202 | train acc 0.992 | val loss 0.8285 | val acc 0.823 | ‖g‖ 2.5573 | 3690s
step 177700 | train loss 0.0507 | train acc 0.984 | val loss 0.8634 | val acc 0.829 | ‖g‖ 7.2566 | 3692s
step 177800 | train loss 0.0262 | train acc 0.992 | val loss 0.8785 | val acc 0.817 | ‖g‖ 3.9630 | 3693s
step 177900 | train loss 0.0734 | train acc 0.969 | val loss 0.7065 | val acc 0.827 | ‖g‖ 9.5430 | 3695s
step 178000 | train loss 0.0463 | train acc 0.984 | val loss 0.8210 | val acc 0.821 | ‖g‖ 5.5512 | 3696s
step 178100 | train loss 0.1005 | train acc 0.961 | val loss 0.8050 | val acc 0.838 | ‖g‖ 11.2944 | 3698s
step 178200 | train loss 0.0370 | train acc 0.992 | val loss 0.6919 | val acc 0.840 | ‖g‖ 3.5434 | 3699s
step 178300 | train loss 0.0887 | train acc 0.969 | val loss 0.8913 | val acc 0.817 | ‖g‖ 9.1340 | 3700s
step 178400 | train loss 0.0471 | train acc 0.977 | val loss 0.7670 | val acc 0.831 | ‖g‖ 9.2234 | 3702s
step 178500 | train loss 0.0286 | train acc 0.992 | val loss 0.8541 | val acc 0.806 | ‖g‖ 4.0384 | 3703s
step 178600 | train loss 0.0785 | train acc 0.961 | val loss 0.8910 | val acc 0.827 | ‖g‖ 8.1918 | 3705s
step 178700 | train loss 0.0044 | train acc 1.000 | val loss 0.7377 | val acc 0.840 | ‖g‖ 0.6394 | 3706s
step 178800 | train loss 0.0032 | train acc 1.000 | val loss 0.7958 | val acc 0.838 | ‖g‖ 0.6819 | 3708s
step 178900 | train loss 0.0052 | train acc 1.000 | val loss 0.8130 | val acc 0.829 | ‖g‖ 0.9003 | 3710s
step 179000 | train loss 0.2711 | train acc 0.945 | val loss 0.6405 | val acc 0.787 | ‖g‖ 12.5536 | 3711s
step 179100 | train loss 0.0550 | train acc 0.984 | val loss 0.7209 | val acc 0.819 | ‖g‖ 6.7163 | 3713s
step 179200 | train loss 0.0438 | train acc 0.992 | val loss 0.6657 | val acc 0.850 | ‖g‖ 5.7111 | 3715s
step 179300 | train loss 0.0978 | train acc 0.953 | val loss 0.6510 | val acc 0.835 | ‖g‖ 8.8662 | 3717s
step 179400 | train loss 0.0212 | train acc 0.992 | val loss 0.7212 | val acc 0.844 | ‖g‖ 5.6501 | 3719s
step 179500 | train loss 0.0248 | train acc 0.992 | val loss 0.7307 | val acc 0.833 | ‖g‖ 5.5950 | 3721s
step 179600 | train loss 0.0352 | train acc 0.984 | val loss 0.5994 | val acc 0.848 | ‖g‖ 6.0266 | 3723s
step 179700 | train loss 0.0581 | train acc 0.984 | val loss 0.6092 | val acc 0.852 | ‖g‖ 11.1364 | 3724s
step 179800 | train loss 0.0105 | train acc 1.000 | val loss 0.6943 | val acc 0.860 | ‖g‖ 1.3391 | 3726s
step 179900 | train loss 0.0755 | train acc 0.977 | val loss 0.6332 | val acc 0.846 | ‖g‖ 10.2618 | 3727s
step 180000 | train loss 0.0128 | train acc 1.000 | val loss 0.5131 | val acc 0.879 | ‖g‖ 1.4698 | 3729s
step 180100 | train loss 0.0149 | train acc 0.992 | val loss 0.5844 | val acc 0.867 | ‖g‖ 3.1792 | 3731s
step 180200 | train loss 0.0594 | train acc 0.977 | val loss 0.5525 | val acc 0.873 | ‖g‖ 10.0434 | 3732s
step 180300 | train loss 0.0616 | train acc 0.977 | val loss 0.5871 | val acc 0.879 | ‖g‖ 8.5948 | 3734s
step 180400 | train loss 0.0743 | train acc 0.953 | val loss 0.4645 | val acc 0.877 | ‖g‖ 6.4103 | 3735s
step 180500 | train loss 0.0148 | train acc 0.992 | val loss 0.4485 | val acc 0.902 | ‖g‖ 2.5637 | 3738s
step 180600 | train loss 0.0247 | train acc 0.992 | val loss 0.4261 | val acc 0.887 | ‖g‖ 2.9275 | 3740s
step 180700 | train loss 0.0092 | train acc 1.000 | val loss 0.3624 | val acc 0.902 | ‖g‖ 1.2717 | 3742s
step 180800 | train loss 0.0023 | train acc 1.000 | val loss 0.3959 | val acc 0.904 | ‖g‖ 0.3240 | 3743s
step 180900 | train loss 0.0032 | train acc 1.000 | val loss 0.4289 | val acc 0.900 | ‖g‖ 0.3559 | 3745s
step 181000 | train loss 0.0605 | train acc 0.984 | val loss 0.3844 | val acc 0.863 | ‖g‖ 7.8445 | 3746s
step 181100 | train loss 0.0687 | train acc 0.969 | val loss 0.3443 | val acc 0.904 | ‖g‖ 5.6071 | 3748s
step 181200 | train loss 0.0212 | train acc 1.000 | val loss 0.3316 | val acc 0.910 | ‖g‖ 2.5201 | 3749s
step 181300 | train loss 0.0061 | train acc 1.000 | val loss 0.3139 | val acc 0.906 | ‖g‖ 0.6869 | 3751s
step 181400 | train loss 0.0243 | train acc 0.984 | val loss 0.4153 | val acc 0.892 | ‖g‖ 4.5012 | 3752s
step 181500 | train loss 0.0137 | train acc 1.000 | val loss 0.4249 | val acc 0.890 | ‖g‖ 1.7759 | 3753s
step 181600 | train loss 0.0238 | train acc 0.992 | val loss 0.3448 | val acc 0.902 | ‖g‖ 7.3865 | 3755s
step 181700 | train loss 0.0114 | train acc 1.000 | val loss 0.3844 | val acc 0.894 | ‖g‖ 2.3303 | 3756s
step 181800 | train loss 0.0087 | train acc 1.000 | val loss 0.3595 | val acc 0.912 | ‖g‖ 1.0762 | 3758s
step 181900 | train loss 0.0082 | train acc 1.000 | val loss 0.3494 | val acc 0.902 | ‖g‖ 1.5346 | 3759s
step 182000 | train loss 0.0630 | train acc 0.984 | val loss 0.3844 | val acc 0.900 | ‖g‖ 15.1840 | 3761s
step 182100 | train loss 0.0330 | train acc 0.984 | val loss 0.3837 | val acc 0.906 | ‖g‖ 4.2021 | 3762s
step 182200 | train loss 0.0214 | train acc 0.992 | val loss 0.3293 | val acc 0.912 | ‖g‖ 2.8514 | 3764s
step 182300 | train loss 0.0382 | train acc 0.984 | val loss 0.4486 | val acc 0.898 | ‖g‖ 4.6157 | 3765s
step 182400 | train loss 0.0109 | train acc 1.000 | val loss 0.3541 | val acc 0.904 | ‖g‖ 1.5872 | 3767s
step 182500 | train loss 0.0036 | train acc 1.000 | val loss 0.3579 | val acc 0.910 | ‖g‖ 0.5732 | 3768s
step 182600 | train loss 0.0035 | train acc 1.000 | val loss 0.3603 | val acc 0.912 | ‖g‖ 0.3160 | 3769s
step 182700 | train loss 0.0017 | train acc 1.000 | val loss 0.3499 | val acc 0.921 | ‖g‖ 0.2264 | 3771s
step 182800 | train loss 0.1501 | train acc 0.953 | val loss 0.3685 | val acc 0.906 | ‖g‖ 10.3955 | 3772s
step 182900 | train loss 0.0174 | train acc 0.992 | val loss 0.3037 | val acc 0.917 | ‖g‖ 2.1245 | 3774s
step 183000 | train loss 0.0485 | train acc 0.984 | val loss 0.3434 | val acc 0.931 | ‖g‖ 4.2089 | 3775s
step 183100 | train loss 0.0361 | train acc 0.984 | val loss 0.4199 | val acc 0.885 | ‖g‖ 3.7651 | 3777s
step 183200 | train loss 0.0092 | train acc 1.000 | val loss 0.3413 | val acc 0.900 | ‖g‖ 1.1908 | 3778s
step 183300 | train loss 0.0270 | train acc 0.992 | val loss 0.3642 | val acc 0.917 | ‖g‖ 5.4645 | 3780s
step 183400 | train loss 0.0206 | train acc 1.000 | val loss 0.2943 | val acc 0.912 | ‖g‖ 2.8271 | 3781s
step 183500 | train loss 0.0038 | train acc 1.000 | val loss 0.3428 | val acc 0.917 | ‖g‖ 0.4414 | 3782s
step 183600 | train loss 0.0051 | train acc 1.000 | val loss 0.3450 | val acc 0.908 | ‖g‖ 1.0069 | 3784s
step 183700 | train loss 0.1192 | train acc 0.945 | val loss 0.3617 | val acc 0.890 | ‖g‖ 9.3332 | 3785s
step 183800 | train loss 0.0210 | train acc 1.000 | val loss 0.3057 | val acc 0.902 | ‖g‖ 1.9989 | 3787s
step 183900 | train loss 0.0363 | train acc 0.984 | val loss 0.3555 | val acc 0.919 | ‖g‖ 4.4464 | 3788s
step 184000 | train loss 0.0245 | train acc 0.984 | val loss 0.2955 | val acc 0.915 | ‖g‖ 4.5674 | 3790s
step 184100 | train loss 0.0114 | train acc 1.000 | val loss 0.3638 | val acc 0.908 | ‖g‖ 3.6390 | 3792s
step 184200 | train loss 0.0436 | train acc 0.984 | val loss 0.3216 | val acc 0.912 | ‖g‖ 5.7568 | 3794s
step 184300 | train loss 0.0426 | train acc 0.992 | val loss 0.4301 | val acc 0.890 | ‖g‖ 3.4033 | 3796s
step 184400 | train loss 0.0181 | train acc 1.000 | val loss 0.3787 | val acc 0.904 | ‖g‖ 2.5771 | 3798s
step 184500 | train loss 0.0043 | train acc 1.000 | val loss 0.3416 | val acc 0.921 | ‖g‖ 0.5367 | 3799s
step 184600 | train loss 0.0013 | train acc 1.000 | val loss 0.3425 | val acc 0.925 | ‖g‖ 0.1118 | 3801s
step 184700 | train loss 0.0024 | train acc 1.000 | val loss 0.3443 | val acc 0.915 | ‖g‖ 0.3467 | 3802s
step 184800 | train loss 0.0414 | train acc 0.984 | val loss 0.4226 | val acc 0.892 | ‖g‖ 3.9511 | 3804s
step 184900 | train loss 0.0883 | train acc 0.953 | val loss 0.4318 | val acc 0.873 | ‖g‖ 7.2839 | 3805s
step 185000 | train loss 0.0512 | train acc 0.984 | val loss 0.2755 | val acc 0.921 | ‖g‖ 8.5844 | 3807s
step 185100 | train loss 0.0066 | train acc 1.000 | val loss 0.3852 | val acc 0.917 | ‖g‖ 0.9105 | 3808s
step 185200 | train loss 0.0069 | train acc 1.000 | val loss 0.3441 | val acc 0.915 | ‖g‖ 2.2258 | 3810s
step 185300 | train loss 0.0177 | train acc 0.984 | val loss 0.3492 | val acc 0.915 | ‖g‖ 9.2588 | 3811s
step 185400 | train loss 0.0612 | train acc 0.977 | val loss 0.3136 | val acc 0.915 | ‖g‖ 8.0410 | 3813s
step 185500 | train loss 0.0314 | train acc 0.992 | val loss 0.3441 | val acc 0.900 | ‖g‖ 3.9879 | 3815s
step 185600 | train loss 0.0096 | train acc 1.000 | val loss 0.3373 | val acc 0.917 | ‖g‖ 1.0895 | 3816s
step 185700 | train loss 0.0261 | train acc 0.992 | val loss 0.4418 | val acc 0.873 | ‖g‖ 3.5286 | 3818s
step 185800 | train loss 0.0071 | train acc 1.000 | val loss 0.4042 | val acc 0.898 | ‖g‖ 0.6831 | 3820s
step 185900 | train loss 0.0034 | train acc 1.000 | val loss 0.2724 | val acc 0.938 | ‖g‖ 0.3646 | 3821s
step 186000 | train loss 0.0015 | train acc 1.000 | val loss 0.3238 | val acc 0.919 | ‖g‖ 0.1246 | 3823s
step 186100 | train loss 0.0029 | train acc 1.000 | val loss 0.3386 | val acc 0.927 | ‖g‖ 0.5387 | 3825s
step 186200 | train loss 0.0028 | train acc 1.000 | val loss 0.3920 | val acc 0.910 | ‖g‖ 0.6371 | 3827s
step 186300 | train loss 0.0622 | train acc 0.977 | val loss 0.3041 | val acc 0.902 | ‖g‖ 5.4797 | 3829s
step 186400 | train loss 0.0123 | train acc 1.000 | val loss 0.3096 | val acc 0.915 | ‖g‖ 1.5121 | 3831s
step 186500 | train loss 0.0073 | train acc 1.000 | val loss 0.3092 | val acc 0.921 | ‖g‖ 1.0261 | 3833s
step 186600 | train loss 0.0020 | train acc 1.000 | val loss 0.3406 | val acc 0.919 | ‖g‖ 0.2235 | 3834s
step 186700 | train loss 0.1256 | train acc 0.961 | val loss 0.5068 | val acc 0.858 | ‖g‖ 9.9544 | 3836s
step 186800 | train loss 0.0177 | train acc 1.000 | val loss 0.3071 | val acc 0.910 | ‖g‖ 1.5553 | 3837s
step 186900 | train loss 0.0023 | train acc 1.000 | val loss 0.3294 | val acc 0.915 | ‖g‖ 0.2443 | 3839s
step 187000 | train loss 0.0023 | train acc 1.000 | val loss 0.3432 | val acc 0.908 | ‖g‖ 0.2726 | 3841s
step 187100 | train loss 0.3263 | train acc 0.906 | val loss 0.4631 | val acc 0.885 | ‖g‖ 19.3921 | 3842s
step 187200 | train loss 0.0162 | train acc 0.992 | val loss 0.3302 | val acc 0.917 | ‖g‖ 3.6513 | 3844s
step 187300 | train loss 0.0147 | train acc 0.992 | val loss 0.3517 | val acc 0.906 | ‖g‖ 2.2230 | 3846s
step 187400 | train loss 0.0132 | train acc 1.000 | val loss 0.3417 | val acc 0.921 | ‖g‖ 1.9378 | 3848s
step 187500 | train loss 0.1004 | train acc 0.961 | val loss 0.3168 | val acc 0.900 | ‖g‖ 9.3441 | 3850s
step 187600 | train loss 0.0180 | train acc 1.000 | val loss 0.3261 | val acc 0.900 | ‖g‖ 2.1527 | 3851s
step 187700 | train loss 0.0084 | train acc 1.000 | val loss 0.2835 | val acc 0.933 | ‖g‖ 1.9036 | 3853s
step 187800 | train loss 0.0027 | train acc 1.000 | val loss 0.3325 | val acc 0.919 | ‖g‖ 0.1884 | 3854s
step 187900 | train loss 0.0025 | train acc 1.000 | val loss 0.3395 | val acc 0.923 | ‖g‖ 0.4612 | 3856s
step 188000 | train loss 0.0036 | train acc 1.000 | val loss 0.3762 | val acc 0.927 | ‖g‖ 1.1443 | 3857s
step 188100 | train loss 0.0790 | train acc 0.977 | val loss 0.3642 | val acc 0.900 | ‖g‖ 5.6189 | 3859s
step 188200 | train loss 0.0075 | train acc 1.000 | val loss 0.3626 | val acc 0.898 | ‖g‖ 0.8409 | 3860s
step 188300 | train loss 0.0081 | train acc 1.000 | val loss 0.3717 | val acc 0.906 | ‖g‖ 1.1877 | 3862s
step 188400 | train loss 0.0960 | train acc 0.953 | val loss 0.4524 | val acc 0.898 | ‖g‖ 7.6948 | 3863s
step 188500 | train loss 0.0872 | train acc 0.969 | val loss 0.3297 | val acc 0.915 | ‖g‖ 8.1989 | 3865s
step 188600 | train loss 0.0043 | train acc 1.000 | val loss 0.3264 | val acc 0.921 | ‖g‖ 0.5756 | 3867s
step 188700 | train loss 0.0028 | train acc 1.000 | val loss 0.3747 | val acc 0.910 | ‖g‖ 0.3605 | 3868s
step 188800 | train loss 0.0020 | train acc 1.000 | val loss 0.3682 | val acc 0.910 | ‖g‖ 0.2023 | 3870s
step 188900 | train loss 0.0045 | train acc 1.000 | val loss 0.3758 | val acc 0.906 | ‖g‖ 1.2824 | 3872s
step 189000 | train loss 0.1157 | train acc 0.961 | val loss 0.3341 | val acc 0.885 | ‖g‖ 9.1136 | 3874s
step 189100 | train loss 0.0101 | train acc 1.000 | val loss 0.2931 | val acc 0.931 | ‖g‖ 1.6745 | 3875s
step 189200 | train loss 0.0211 | train acc 0.992 | val loss 0.3652 | val acc 0.896 | ‖g‖ 3.5091 | 3877s
step 189300 | train loss 0.1229 | train acc 0.961 | val loss 0.4086 | val acc 0.883 | ‖g‖ 7.9504 | 3879s
step 189400 | train loss 0.0107 | train acc 1.000 | val loss 0.2826 | val acc 0.915 | ‖g‖ 1.0307 | 3881s
step 189500 | train loss 0.0117 | train acc 1.000 | val loss 0.3271 | val acc 0.917 | ‖g‖ 1.4139 | 3883s
step 189600 | train loss 0.0106 | train acc 1.000 | val loss 0.3352 | val acc 0.912 | ‖g‖ 2.0965 | 3885s
step 189700 | train loss 0.0095 | train acc 0.992 | val loss 0.3632 | val acc 0.908 | ‖g‖ 2.5985 | 3887s
step 189800 | train loss 0.0351 | train acc 0.984 | val loss 0.3592 | val acc 0.892 | ‖g‖ 5.2749 | 3889s
step 189900 | train loss 0.0356 | train acc 0.984 | val loss 0.2980 | val acc 0.915 | ‖g‖ 3.7390 | 3890s
step 190000 | train loss 0.0066 | train acc 1.000 | val loss 0.3367 | val acc 0.915 | ‖g‖ 1.4099 | 3891s
step 190100 | train loss 0.0392 | train acc 0.984 | val loss 0.4368 | val acc 0.900 | ‖g‖ 9.4430 | 3893s
step 190200 | train loss 0.0087 | train acc 1.000 | val loss 0.3406 | val acc 0.925 | ‖g‖ 2.0722 | 3894s
step 190300 | train loss 0.0016 | train acc 1.000 | val loss 0.3538 | val acc 0.917 | ‖g‖ 0.1328 | 3896s
step 190400 | train loss 0.0035 | train acc 1.000 | val loss 0.3549 | val acc 0.910 | ‖g‖ 0.9937 | 3897s
step 190500 | train loss 0.0147 | train acc 0.992 | val loss 0.4239 | val acc 0.908 | ‖g‖ 4.9247 | 3899s
step 190600 | train loss 0.0232 | train acc 1.000 | val loss 0.3586 | val acc 0.912 | ‖g‖ 2.7869 | 3900s
step 190700 | train loss 0.0059 | train acc 1.000 | val loss 0.3697 | val acc 0.900 | ‖g‖ 0.8217 | 3902s
step 190800 | train loss 0.0062 | train acc 1.000 | val loss 0.3204 | val acc 0.906 | ‖g‖ 1.0300 | 3903s
step 190900 | train loss 0.0108 | train acc 0.992 | val loss 0.4184 | val acc 0.885 | ‖g‖ 2.3881 | 3906s
step 191000 | train loss 0.0256 | train acc 0.992 | val loss 0.2772 | val acc 0.923 | ‖g‖ 3.5302 | 3910s
step 191100 | train loss 0.0323 | train acc 0.992 | val loss 0.3427 | val acc 0.902 | ‖g‖ 4.0222 | 3911s
step 191200 | train loss 0.0052 | train acc 1.000 | val loss 0.3304 | val acc 0.925 | ‖g‖ 1.1892 | 3912s
step 191300 | train loss 0.0020 | train acc 1.000 | val loss 0.3232 | val acc 0.923 | ‖g‖ 0.2226 | 3914s
step 191400 | train loss 0.0021 | train acc 1.000 | val loss 0.3337 | val acc 0.921 | ‖g‖ 0.1966 | 3916s
step 191500 | train loss 0.0028 | train acc 1.000 | val loss 0.3596 | val acc 0.915 | ‖g‖ 0.2996 | 3917s
step 191600 | train loss 0.0047 | train acc 1.000 | val loss 0.3643 | val acc 0.904 | ‖g‖ 1.6471 | 3919s
step 191700 | train loss 0.0557 | train acc 0.984 | val loss 0.2657 | val acc 0.919 | ‖g‖ 5.1693 | 3921s
step 191800 | train loss 0.0454 | train acc 0.992 | val loss 0.3230 | val acc 0.894 | ‖g‖ 7.1606 | 3922s
step 191900 | train loss 0.0058 | train acc 1.000 | val loss 0.2713 | val acc 0.923 | ‖g‖ 0.9249 | 3924s
step 192000 | train loss 0.0029 | train acc 1.000 | val loss 0.3499 | val acc 0.912 | ‖g‖ 0.3340 | 3925s
step 192100 | train loss 0.0049 | train acc 1.000 | val loss 0.3561 | val acc 0.921 | ‖g‖ 2.2759 | 3928s
step 192200 | train loss 0.0402 | train acc 0.992 | val loss 0.2773 | val acc 0.912 | ‖g‖ 4.5569 | 3931s
step 192300 | train loss 0.0199 | train acc 0.992 | val loss 0.2901 | val acc 0.929 | ‖g‖ 2.8465 | 3932s
step 192400 | train loss 0.0063 | train acc 1.000 | val loss 0.3427 | val acc 0.921 | ‖g‖ 1.4278 | 3934s
step 192500 | train loss 0.0024 | train acc 1.000 | val loss 0.3210 | val acc 0.915 | ‖g‖ 0.2558 | 3936s
step 192600 | train loss 0.0022 | train acc 1.000 | val loss 0.3422 | val acc 0.915 | ‖g‖ 0.3672 | 3937s
step 192700 | train loss 0.2353 | train acc 0.938 | val loss 0.5318 | val acc 0.865 | ‖g‖ 19.0122 | 3939s
step 192800 | train loss 0.0211 | train acc 0.992 | val loss 0.3415 | val acc 0.908 | ‖g‖ 1.8866 | 3942s
step 192900 | train loss 0.0066 | train acc 1.000 | val loss 0.3254 | val acc 0.919 | ‖g‖ 0.8673 | 3943s
step 193000 | train loss 0.0035 | train acc 1.000 | val loss 0.3188 | val acc 0.929 | ‖g‖ 0.4033 | 3945s
step 193100 | train loss 0.0020 | train acc 1.000 | val loss 0.3247 | val acc 0.915 | ‖g‖ 0.1317 | 3947s
step 193200 | train loss 0.0028 | train acc 1.000 | val loss 0.3460 | val acc 0.917 | ‖g‖ 0.2293 | 3949s
step 193300 | train loss 0.0018 | train acc 1.000 | val loss 0.3978 | val acc 0.902 | ‖g‖ 0.1832 | 3951s
step 193400 | train loss 0.0616 | train acc 0.977 | val loss 0.2768 | val acc 0.912 | ‖g‖ 4.9149 | 3953s
step 193500 | train loss 0.0335 | train acc 1.000 | val loss 0.2313 | val acc 0.927 | ‖g‖ 2.6482 | 3955s
step 193600 | train loss 0.0092 | train acc 1.000 | val loss 0.2973 | val acc 0.919 | ‖g‖ 1.3603 | 3957s
step 193700 | train loss 0.0189 | train acc 1.000 | val loss 0.3647 | val acc 0.906 | ‖g‖ 2.7479 | 3959s
step 193800 | train loss 0.0045 | train acc 1.000 | val loss 0.3456 | val acc 0.915 | ‖g‖ 0.7388 | 3961s
step 193900 | train loss 0.0042 | train acc 1.000 | val loss 0.3991 | val acc 0.910 | ‖g‖ 1.0609 | 3963s
step 194000 | train loss 0.0268 | train acc 0.992 | val loss 0.3040 | val acc 0.917 | ‖g‖ 2.9766 | 3966s
step 194100 | train loss 0.0136 | train acc 1.000 | val loss 0.3653 | val acc 0.902 | ‖g‖ 1.7136 | 3968s
step 194200 | train loss 0.0045 | train acc 1.000 | val loss 0.3128 | val acc 0.921 | ‖g‖ 0.7764 | 3969s
step 194300 | train loss 0.0030 | train acc 1.000 | val loss 0.3390 | val acc 0.921 | ‖g‖ 0.2926 | 3971s
step 194400 | train loss 0.0021 | train acc 1.000 | val loss 0.3737 | val acc 0.921 | ‖g‖ 0.2081 | 3972s
step 194500 | train loss 0.0027 | train acc 1.000 | val loss 0.3784 | val acc 0.906 | ‖g‖ 0.3554 | 3974s
step 194600 | train loss 0.1571 | train acc 0.930 | val loss 0.3004 | val acc 0.885 | ‖g‖ 6.5988 | 3975s
step 194700 | train loss 0.0968 | train acc 0.984 | val loss 0.2833 | val acc 0.917 | ‖g‖ 6.3467 | 3977s
step 194800 | train loss 0.0063 | train acc 1.000 | val loss 0.3497 | val acc 0.917 | ‖g‖ 2.0231 | 3979s
step 194900 | train loss 0.0028 | train acc 1.000 | val loss 0.3152 | val acc 0.925 | ‖g‖ 0.4152 | 3980s
step 195000 | train loss 0.0023 | train acc 1.000 | val loss 0.3429 | val acc 0.919 | ‖g‖ 0.1944 | 3981s
step 195100 | train loss 0.0026 | train acc 1.000 | val loss 0.3707 | val acc 0.917 | ‖g‖ 0.3232 | 3983s
step 195200 | train loss 0.1769 | train acc 0.930 | val loss 0.2694 | val acc 0.908 | ‖g‖ 12.7126 | 3984s
step 195300 | train loss 0.0210 | train acc 0.992 | val loss 0.3837 | val acc 0.904 | ‖g‖ 2.8769 | 3986s
step 195400 | train loss 0.0360 | train acc 0.984 | val loss 0.3169 | val acc 0.919 | ‖g‖ 4.2967 | 3988s
step 195500 | train loss 0.0358 | train acc 0.984 | val loss 0.2804 | val acc 0.915 | ‖g‖ 4.2976 | 3990s
step 195600 | train loss 0.0195 | train acc 1.000 | val loss 0.3076 | val acc 0.917 | ‖g‖ 3.4136 | 3991s
step 195700 | train loss 0.0105 | train acc 1.000 | val loss 0.2807 | val acc 0.910 | ‖g‖ 1.2610 | 3993s
step 195800 | train loss 0.0269 | train acc 0.992 | val loss 0.3179 | val acc 0.915 | ‖g‖ 3.9751 | 3994s
step 195900 | train loss 0.0124 | train acc 0.992 | val loss 0.3182 | val acc 0.912 | ‖g‖ 1.9940 | 3996s
step 196000 | train loss 0.0062 | train acc 1.000 | val loss 0.3216 | val acc 0.925 | ‖g‖ 2.1564 | 3997swandb: updating run metadata
wandb: uploading output.log; uploading wandb-summary.json; uploading config.yaml
wandb: 
wandb: Run history:
wandb:       train/acc ▁██▇▇██▇▇███▇▇██▇█▇▇▇▇███▆▇██▆█████▇████
wandb: train/grad_norm ▂▃▄▆▅▃▇▆▆▅▆▅▄▄▄▂▃▅▆▂▅▃▄▅▃█▆▄▁▅▆▃▃▂▅▅▃▇▂▁
wandb:      train/loss █▅▂▂▂▁▂▂▁▃▁▁▁▂▂▁▂▁▁▁▁▁▁▂▁▁▁▁▁▁▁▁▁▁▁▁▁▁▁▁
wandb:         val/acc ▂▁▃▃▃▄▄▄▃▄▄▄▄▄▄▄▄▄▄▄▅▅▅▅▆▆▆▆▆▆▆▆▆▆▆▆▆▇██
wandb:        val/loss ▆▆▆▇█▇▆▆▇▇▆▅▇▆▆▇▆▇▆▆▆▆▅▅▅▅▄▄▄▃▃▃▃▄▃▃▃▃▁▁
wandb: 
wandb: Run summary:
wandb:       train/acc 1
wandb: train/grad_norm 0.18512
wandb:      train/loss 0.00262
wandb:         val/acc 0.91458
wandb:        val/loss 0.35985
wandb: 
wandb: 🚀 View run n4-wd0.4-200k-seed0 at: https://wandb.ai/shukanth2004-the-ohio-state-university/mechinterp/runs/ltnzuugz
wandb: ⭐️ View project at: https://wandb.ai/shukanth2004-the-ohio-state-university/mechinterp
wandb: Synced 5 W&B file(s), 0 media file(s), 0 artifact file(s) and 0 other file(s)
wandb: Find logs at: ./wandb/run-20260517_194655-ltnzuugz/logs

step 196100 | train loss 0.0068 | train acc 1.000 | val loss 0.3328 | val acc 0.919 | ‖g‖ 0.6466 | 3999s
step 196200 | train loss 0.0031 | train acc 1.000 | val loss 0.3688 | val acc 0.925 | ‖g‖ 0.2709 | 4000s
step 196300 | train loss 0.0027 | train acc 1.000 | val loss 0.3866 | val acc 0.910 | ‖g‖ 0.3928 | 4002s
step 196400 | train loss 0.0019 | train acc 1.000 | val loss 0.3821 | val acc 0.906 | ‖g‖ 0.2039 | 4003s
step 196500 | train loss 0.0114 | train acc 1.000 | val loss 0.4932 | val acc 0.894 | ‖g‖ 3.3365 | 4005s
step 196600 | train loss 0.0489 | train acc 0.969 | val loss 0.3358 | val acc 0.898 | ‖g‖ 5.9468 | 4006s
step 196700 | train loss 0.0067 | train acc 1.000 | val loss 0.3147 | val acc 0.900 | ‖g‖ 0.9429 | 4008s
step 196800 | train loss 0.0247 | train acc 0.984 | val loss 0.3416 | val acc 0.912 | ‖g‖ 4.0181 | 4009s
step 196900 | train loss 0.0085 | train acc 1.000 | val loss 0.3726 | val acc 0.915 | ‖g‖ 2.8920 | 4011s
step 197000 | train loss 0.0380 | train acc 0.977 | val loss 0.3449 | val acc 0.910 | ‖g‖ 5.8093 | 4012s
step 197100 | train loss 0.0307 | train acc 0.992 | val loss 0.3976 | val acc 0.910 | ‖g‖ 5.0320 | 4013s
step 197200 | train loss 0.0123 | train acc 1.000 | val loss 0.3047 | val acc 0.904 | ‖g‖ 1.3228 | 4015s
step 197300 | train loss 0.0139 | train acc 1.000 | val loss 0.3759 | val acc 0.908 | ‖g‖ 2.2443 | 4016s
step 197400 | train loss 0.0016 | train acc 1.000 | val loss 0.3268 | val acc 0.925 | ‖g‖ 0.1347 | 4018s
step 197500 | train loss 0.0021 | train acc 1.000 | val loss 0.3363 | val acc 0.917 | ‖g‖ 0.2709 | 4019s
step 197600 | train loss 0.0015 | train acc 1.000 | val loss 0.3514 | val acc 0.910 | ‖g‖ 0.1333 | 4021s
step 197700 | train loss 0.0047 | train acc 1.000 | val loss 0.3959 | val acc 0.921 | ‖g‖ 1.4514 | 4022s
step 197800 | train loss 0.1466 | train acc 0.945 | val loss 0.3346 | val acc 0.875 | ‖g‖ 9.0225 | 4024s
step 197900 | train loss 0.0779 | train acc 0.977 | val loss 0.3044 | val acc 0.908 | ‖g‖ 5.3563 | 4026s
step 198000 | train loss 0.0421 | train acc 0.984 | val loss 0.3118 | val acc 0.919 | ‖g‖ 3.9789 | 4027s
step 198100 | train loss 0.0063 | train acc 1.000 | val loss 0.3579 | val acc 0.919 | ‖g‖ 1.1050 | 4029s
step 198200 | train loss 0.0023 | train acc 1.000 | val loss 0.3497 | val acc 0.910 | ‖g‖ 0.2427 | 4030s
step 198300 | train loss 0.0030 | train acc 1.000 | val loss 0.3356 | val acc 0.921 | ‖g‖ 0.2685 | 4032s
step 198400 | train loss 0.0021 | train acc 1.000 | val loss 0.3423 | val acc 0.921 | ‖g‖ 0.2234 | 4033s
step 198500 | train loss 0.1528 | train acc 0.953 | val loss 0.3734 | val acc 0.854 | ‖g‖ 5.5882 | 4035s
step 198600 | train loss 0.0452 | train acc 0.984 | val loss 0.2888 | val acc 0.917 | ‖g‖ 4.4391 | 4036s
step 198700 | train loss 0.0244 | train acc 0.992 | val loss 0.3296 | val acc 0.912 | ‖g‖ 4.1848 | 4038s
step 198800 | train loss 0.0138 | train acc 1.000 | val loss 0.2902 | val acc 0.906 | ‖g‖ 1.6573 | 4039s
step 198900 | train loss 0.0339 | train acc 0.984 | val loss 0.3652 | val acc 0.919 | ‖g‖ 5.7256 | 4041s
step 199000 | train loss 0.0049 | train acc 1.000 | val loss 0.3669 | val acc 0.923 | ‖g‖ 1.1631 | 4042s
step 199100 | train loss 0.0017 | train acc 1.000 | val loss 0.3346 | val acc 0.921 | ‖g‖ 0.1040 | 4043s
step 199200 | train loss 0.0020 | train acc 1.000 | val loss 0.3506 | val acc 0.919 | ‖g‖ 0.1568 | 4045s
step 199300 | train loss 0.0056 | train acc 1.000 | val loss 0.3797 | val acc 0.908 | ‖g‖ 0.9335 | 4046s
step 199400 | train loss 0.0592 | train acc 0.977 | val loss 0.3210 | val acc 0.900 | ‖g‖ 6.4029 | 4048s
step 199500 | train loss 0.0374 | train acc 0.984 | val loss 0.3430 | val acc 0.894 | ‖g‖ 2.7078 | 4049s
step 199600 | train loss 0.0135 | train acc 1.000 | val loss 0.3332 | val acc 0.917 | ‖g‖ 1.5632 | 4051s
step 199700 | train loss 0.0140 | train acc 0.992 | val loss 0.3403 | val acc 0.915 | ‖g‖ 2.0009 | 4052s
step 199800 | train loss 0.0402 | train acc 0.992 | val loss 0.3387 | val acc 0.906 | ‖g‖ 2.6373 | 4054s
step 199900 | train loss 0.0015 | train acc 1.000 | val loss 0.3805 | val acc 0.912 | ‖g‖ 0.0996 | 4055s
step 200000 | train loss 0.0026 | train acc 1.000 | val loss 0.3599 | val acc 0.915 | ‖g‖ 0.1851 | 4056s
